last_name, first_name,player_id,year,xba,xslg,xbadiff,xslgdiff,exit_velocity_avg,launch_angle_avg,solidcontact_percent,meatball_percent,edge_percent,whiff_percent,swing_percent,groundballs_percent,flyballs_percent,linedrives_percent,popups_percent,n_fastball_formatted,fastball_avg_speed,fastball_avg_spin,fastball_avg_break,n_breaking_formatted,breaking_avg_speed,breaking_avg_spin,breaking_avg_break,n_offspeed_formatted,offspeed_avg_speed,offspeed_avg_spin,offspeed_avg_break,
Wainwright, Adam,425794,2022,.278,.502,.003,-0.064,85.5,8.5,2.2,7.7,39.8,16.7,39.4,44.4,26.7,22.2,6.7,60.4,87,2234,15.5,27.1,72.8,2722,23,12.5,82.7,1776,18.2,
Greinke, Zack,425844,2022,.375,.568,-0.094,-0.270,88.9,10.6,5.3,5.9,39.8,10.5,41.3,38.6,21.1,36.8,3.5,39,88.7,2274,15.7,40.2,76.8,2424,13.9,20.9,86.4,1604,12.8,
Verlander, Justin,434378,2022,.230,.421,-0.071,-0.104,90,15.3,2.3,7.9,48,22.8,54,40.9,38.6,18.2,2.3,52,94.5,2403,22.1,47.6,83.3,2463,9.4,0.4,82.8,1959,22.2,
Kluber, Corey,446372,2022,.293,.489,.012,-0.048,88.4,17.4,10.6,6.8,48.6,24.2,47.8,40.4,23.4,25.5,10.6,60.6,87,2283,12.7,32.3,80.4,2454,18,7.2,83.3,1684,15.1,
Morton, Charlie,450203,2022,.315,.550,-0.041,-0.034,85.9,16.1,8.2,6.7,47.8,22.8,42.5,32.7,40.8,22.4,4.1,54.1,94.1,2389,16.1,41,80.8,2993,18.4,4.9,87,2163,20.4,
Scherzer, Max,453286,2022,.194,.353,-0.044,-0.136,87.9,22.5,2.6,9.4,42.8,28.6,47.8,34.2,34.2,21.1,10.5,57.6,92.9,2379,17.6,25.9,81.6,2430,10.5,16.5,83.9,1456,16.9,
Carrasco, Carlos,471911,2022,.205,.411,-0.064,-0.161,89.8,16.6,11.4,7.3,40.4,29.8,49.4,43.2,36.4,18.2,2.3,41.6,92.6,2200,17.3,32.2,84.3,2403,5.2,26.1,87.2,1196,8.7,
Quintana, Jose,500779,2022,.316,.508,-0.061,-0.155,85.7,8.5,7,5.3,41.2,20,43.2,46.5,30.2,20.9,2.3,44.9,90.5,2018,16.4,23,78.3,2225,10.7,32.1,85.7,1336,14.3,
Gibson, Kyle,502043,2022,.221,.340,-0.011,-0.034,85.4,9.5,4.4,6.5,47.1,32.3,50.6,51.1,22.2,20,6.7,66.2,90.7,2218,13.6,22.4,83.4,2490,4.9,11.4,84.3,1692,15.4,
Darvish, Yu,506433,2022,.263,.509,-0.037,-0.132,92.8,18,12.2,11.8,36.7,31.1,43.3,29.3,29.3,34.1,7.3,67.8,92,2440,14.6,20.8,80.9,2584,16.9,11.4,88.4,1115,7.5,
Kelly, Merrill,518876,2022,.233,.341,-0.009,-0.065,88.3,8.1,7.5,6,47,27.9,44.4,52.5,15,30,2.5,62,92.1,2309,16.9,15,81.9,2571,14,23.1,88.4,2173,18.3,
Eovaldi, Nathan,543135,2022,.281,.553,-0.019,-0.045,92.8,9.2,9.5,9.9,44.5,25.4,52.2,42.9,16.7,31,9.5,48.2,95.6,2176,17.2,36,81.9,2143,11.1,15.8,88.3,1535,12.5,
Lyles, Jordan,543475,2022,.294,.451,.011,-0.010,91,11.3,2.1,4.6,41.8,22.7,48.7,50,18.8,27.1,4.2,44.9,92,2166,19.6,36.1,80.7,2494,16.5,19,87.3,1622,17.4,
Mikolas, Miles,571945,2022,.231,.366,-0.007,-0.107,88.4,14.5,6.5,7.1,46.1,15.7,47.6,45.7,21.7,23.9,8.7,42.1,92.3,2224,18.5,48,81.9,2455,12.7,9.8,84.8,1770,16.1,
Gausman, Kevin,592332,2022,.294,.405,-0.006,-0.090,89.2,10.3,9.8,5.6,46.6,35.4,64.1,37.3,23.5,35.3,3.9,47,94,2260,21,15.9,83.2,2265,3.5,37.1,84.1,1616,15.8,
Ray, Robbie,592662,2022,.267,.523,-0.024,-0.066,93.5,14.8,10.3,9.3,46.5,24.7,55.8,39.7,24.1,27.6,8.6,62.1,92.1,2277,18.6,37.9,85.6,2167,7.7,,,,,
Smyly, Drew,592767,2022,.217,.404,.015,-0.011,79.5,5.7,2.1,7.1,51.6,22.2,56,51.1,29.8,8.5,10.6,53.3,89.6,2073,14.3,46.7,77,1972,2.9,,,,,
Taillon, Jameson,592791,2022,.279,.520,-0.016,-0.046,91.2,10.2,15.6,10.2,43.1,23.4,49.3,44.4,24.4,24.4,6.7,52.9,93.6,2414,19.4,38.7,83.2,2695,12.5,8.4,87.9,1920,18.9,
Montas, Frankie,593423,2022,.241,.381,-0.041,-0.043,87.3,8.4,0,4.2,44.3,29.9,54.5,47.9,12.5,27.1,12.5,48.5,95.1,2298,18.6,17.4,86.4,2414,7.5,34.1,86.5,1492,11.4,
Bassitt, Chris,605135,2022,.225,.386,-0.025,-0.063,83.5,12.7,4.4,9.7,42,28.8,48.3,46.7,24.4,20,8.9,65.6,90.7,2217,15.6,28.1,75.5,2329,15.8,6.3,86.4,2051,20.5,
Davies, Zach,605200,2022,.266,.464,-0.021,-0.030,85.8,5.2,4.5,3.4,47.7,23,42.6,50,22.7,22.7,4.5,60.4,88.7,2013,19.6,2.6,75.1,2527,15.6,37,78.8,1624,17.1,
Musgrove, Joe,605397,2022,.255,.406,-0.064,-0.068,87.8,7.2,4.3,5.4,41.2,28,48.6,44.7,14.9,34,6.4,43.2,91.3,2517,13.3,43.6,82.1,2696,14.4,13.2,85.7,1995,12.1,
Nola, Aaron,605400,2022,.213,.431,.028,.106,91.1,5.4,2.6,8.5,46.2,22.5,50.8,64.1,20.5,7.7,7.7,59.7,91.6,2214,17.8,23.7,78.4,2533,16.5,16.5,85.3,1471,15.5,
Woodruff, Brandon,605540,2022,.224,.354,-0.028,-0.138,86.1,17.5,10,9.5,44,27.3,50.9,37.5,27.5,25,10,61.5,95.6,2334,19.8,24.5,85.8,2534,9.6,13.9,86.5,1925,17.8,
Rodon, Carlos,607074,2022,.144,.238,-0.004,-0.045,84.6,18,17.2,7.7,39.4,39.4,48.2,31,27.6,24.1,17.2,66.4,96.4,2355,20.6,33.6,84.3,2360,10.5,,,,,
Martinez, Nick,607259,2022,.291,.623,.000,.013,90,14.5,9.3,6,45.7,30.8,44.2,41.9,39.5,14,4.7,67.2,91,2304,16.5,11.7,80.9,2503,17.1,21.1,79.4,1696,16.9,
Freeland, Kyle,607536,2022,.298,.472,.035,.028,89.5,8.5,10,6.8,52.6,20.2,46.6,52,10,28,10,36.8,91,2391,13.1,42.7,83,2437,5.9,20.5,85.9,1493,11.1,
Fried, Max,608331,2022,.269,.379,-0.019,-0.114,84.6,7.5,5.8,5.1,49.8,25.4,51,51.9,15.4,25,7.7,45.5,94.8,2142,14.3,44.3,80.7,2556,12.4,10.2,85.7,1409,13.3,
Irvin, Cole,608344,2022,.333,.668,-0.064,-0.146,88.3,8.1,7,5.5,41.3,19.4,48.8,43.9,22.8,28.1,5.3,48.4,91.1,1940,19.9,29.9,82.5,2027,8,21.7,83.2,1538,16.3,
Wacha, Michael,608379,2022,.192,.374,-0.067,-0.124,89.6,12,5.4,7.7,39.9,19.3,48.9,40.5,21.6,24.3,13.5,56.2,91.4,2060,18.5,10.3,75,2178,14.8,33.5,84.5,1561,19.5,
Marquez, German,608566,2022,.315,.561,-0.023,-0.047,91.5,9.1,1.7,8.9,39.8,19,49.2,52.5,20.3,23.7,3.4,49.6,94.7,2161,15.1,46.3,86.4,2532,3.9,4.1,85.3,1616,13.5,
Buehler, Walker,621111,2022,.301,.583,-0.027,-0.131,86.2,7.5,3.9,6.7,45.5,23.1,52.5,41.2,19.6,27.5,11.8,66.7,93.4,2294,14.9,25.1,81.8,2700,15.3,8.2,90.3,1577,14.5,
Blackburn, Paul,621112,2022,.274,.422,-0.070,-0.181,88.4,-2.1,5,7.8,42.2,27.5,38.8,52.5,22.5,25,0,57.8,90.5,2129,14.4,21.4,79.7,2631,19.4,20.9,86.7,1843,14.5,
Flexen, Chris,623167,2022,.305,.590,-0.059,-0.175,93.7,20.2,5.5,6.5,43.7,19.4,50.2,34.5,38.2,21.8,5.5,76.9,89.6,2172,15.5,6.5,74.6,2609,16.9,16.6,81.5,1309,15.7,
Manaea, Sean,640455,2022,.209,.330,-0.057,-0.088,89.1,15.3,2.1,7.1,48,26.9,53.2,44.7,23.4,21.3,10.6,59.5,90.7,2038,20.2,13.1,79.6,1982,5.5,27.4,84.6,1402,14.9,
Lopez, Pablo,641154,2022,.243,.379,-0.079,-0.166,87.8,10.7,2.3,6.4,51.5,33.1,47.7,43.2,25,29.5,2.3,60.5,93,2107,13.6,4.1,80.9,2406,15.5,35.3,87.8,1948,17.7,
Jefferies, Daulton,641726,2022,.273,.494,-0.059,-0.155,89.4,12.4,6.4,8,43.7,25.8,48.7,46.8,25.5,23.4,4.3,66.3,91.2,2066,16.4,13.1,81.1,2290,7,20.6,85.9,1519,15.4,
Keller, Brad,641745,2022,.243,.409,-0.068,-0.123,87.1,6.2,8.2,7.3,43.9,19.8,53.3,53.1,14.3,28.6,4.1,59.3,93.5,2328,13.4,30.5,87.3,2565,6.3,10.2,89.5,1615,13.9,
Ober, Bailey,641927,2022,.292,.615,-0.072,-0.225,89.2,21,8.3,7,47.4,27,53.5,22.9,39.6,29.2,8.3,48.7,91.5,2293,19.8,36.4,81.1,2189,10.1,14.9,84.5,1843,18.7,
Rogers, Josh,642028,2022,.273,.528,-0.018,-0.073,90,18.6,4.2,9,43.9,15.2,47.5,41.7,37.5,14.6,6.3,55.2,90.3,2132,20.3,34.8,81.6,2243,6.2,10,83.8,1505,16.6,
Alcantara, Sandy,645261,2022,.184,.304,.025,-0.020,86,10.7,9.4,6.5,49.6,26.5,49.3,50.9,24.5,13.2,11.3,55.1,97.3,2229,18.7,24.6,89.6,2333,4.8,20.3,91.9,2016,17.3,
Cease, Dylan,656302,2022,.200,.282,.017,.018,83.3,8.4,2.4,8,44.7,30.4,51.5,52.4,21.4,19,7.1,37.8,96,2417,19.4,55.7,83.2,2729,10.7,6.5,79.8,1679,16.4,
Houck, Tanner,656557,2022,.282,.436,-0.053,-0.165,92.7,13.5,7.9,7.1,46.6,20,42,39.5,26.3,31.6,2.6,57.1,94.8,2168,15.9,32.4,85.3,2565,13,10.5,87.4,1718,16,
Kopech, Michael,656629,2022,.164,.306,-0.028,-0.101,89.9,24.3,6.7,4.8,42.7,29.1,45.4,26.7,43.3,16.7,13.3,67.8,95.5,2529,20.9,32.2,80.5,2418,14.5,,,,,
Megill, Tylor,656731,2022,.258,.425,-0.038,-0.103,92.1,10.3,6.5,7.4,42.4,30.8,51.9,52.2,17.4,21.7,8.7,55.4,95.9,2206,18.6,20.3,85.1,2277,5.9,24.2,89.7,1556,16.6,
Montgomery, Jordan,656756,2022,.213,.301,-0.021,-0.070,87.6,11.3,4.7,7.9,38.1,26.4,51.2,46.5,25.6,20.9,7,47,91.9,2264,19.5,25.6,78.9,2232,6.3,27.4,81.1,1628,17.5,
Peterson, David,656849,2022,.253,.458,-0.065,-0.187,87.4,-0.1,5.3,7.4,38.4,27.4,41.4,63.2,15.8,18.4,2.6,49.8,93.4,2159,17.7,27.6,82.7,2325,10.2,22.7,85.3,1938,19.4,
Wright, Kyle,657140,2022,.180,.242,.000,-0.029,88.8,11.4,11.4,5.7,43.3,33.8,49.4,48.6,28.6,17.1,5.7,44.1,95,2340,18.6,40.7,85.1,2639,13,15.2,87.7,1689,18,
Webb, Logan,657277,2022,.272,.431,-0.048,-0.118,86.7,1.3,3.6,6.6,48.4,25.4,49.2,60.7,17.9,17.9,3.6,37.1,92,1949,16.4,29.3,82.9,2628,10,33.6,86,1519,10,
Ryan, Joe,657746,2022,.215,.457,-0.048,-0.142,87.6,21.6,10.5,5.9,46,33.6,48.9,31.6,36.8,18.4,13.2,51.5,91.8,2192,18.9,39.7,79.9,2169,6.9,8.9,82.8,2243,21.3,
Ohtani, Shohei,660271,2022,.219,.333,-0.019,-0.024,88.1,15.4,6.9,10.4,39.8,43.4,42.9,34.5,24.1,34.5,6.9,37.7,97.2,2210,13.9,43.3,83.5,2475,17.2,19,90.1,1384,8.1,
McClanahan, Shane,663556,2022,.185,.342,.004,-0.021,91.5,2.4,13.8,6,49.8,38.9,46.4,62.1,17.2,17.2,3.4,36.9,96.9,2218,20.9,49.4,83.8,2541,11.8,13.7,87.3,1664,19.4,
Valdez, Framber,664285,2022,.220,.267,.020,-0.007,88.6,-8.5,5.1,8.4,42.3,27.5,42.7,71.8,2.6,23.1,2.6,60.3,92.8,2187,14.2,30.1,78.6,2766,19.6,9.6,88.1,1574,14.4,
Plesac, Zach,668676,2022,.338,.635,-0.080,-0.226,91.7,14.4,14,5.5,40.3,23.3,49.2,35.1,31.6,29.8,3.5,42.4,90.7,2092,20.5,33.1,82.2,2114,7.9,24.6,84.4,1611,17.2,
Zimmermann, Bruce,669145,2022,.260,.446,-0.029,-0.119,90.4,10.8,2.6,7.4,48.8,25.9,49.8,42.1,21.1,34.2,2.6,37.3,90.4,2309,19.7,30.4,82.5,2466,5.8,32.3,84.2,2021,20.4,
Burnes, Corbin,669203,2022,.239,.439,-0.070,-0.101,89.7,6.4,4.5,5.6,47,37.5,44.6,43.2,29.5,25,2.3,66.6,94.5,2611,13.9,26.1,83.4,2802,10.4,7.3,89.7,2075,17.7,
Gilbert, Logan,669302,2022,.256,.392,-0.046,-0.118,89.4,11.4,10.6,9.2,35.5,23.9,51.1,38.3,25.5,29.8,6.4,59.2,95.2,2198,18.7,33.6,84.1,2193,9.1,7.3,85.5,1723,16.6,
Bieber, Shane,669456,2022,.224,.421,-0.079,-0.203,89.3,14.5,10.3,6.8,40.1,30.2,48.9,38.5,28.2,23.1,10.3,45.1,90,2199,18.6,53.6,83.4,2310,6.4,1.3,86.2,1562,16.3,
Adon, Joan,672851,2022,.325,.698,-0.063,-0.223,90.6,13.7,8.3,8.7,44.5,13.3,39.6,39.6,37.5,22.9,0,64.5,94.2,2143,19.2,29.1,79.4,2195,13.8,6.4,86.4,1801,17.9,
Gray, Josiah,680686,2022,.213,.442,.027,.018,90.9,24.3,6.3,6.8,44.2,29.9,39,25,31.3,34.4,9.4,50.6,93.2,2141,20.5,43.8,82.5,2310,6.1,5.6,87.1,1999,20,
Dickey, R.A.,285079,2017,.257,.399,.009,.051,86.2,10.1,6,7.9,44.2,20.5,47.4,48.5,19.1,25.2,7.1,17.3,83.6,1878,19.9,82.7,77.3,1530,9.5,,,,,
Lackey, John,407793,2017,.267,.464,-0.015,.005,88.2,14.3,7.9,7.6,42.4,23,47.5,42.7,22.6,27.1,7.5,87.9,87.5,2163,13.7,7.4,77.5,2283,8.7,4.6,83.5,1647,17.7,
Greinke, Zack,425844,2017,.224,.395,.006,-0.008,87.4,10.1,6.1,5.7,43.7,28.9,46.2,47.9,20.1,25.1,6.8,48.2,90.8,2382,18.3,35.6,80.4,2594,11.4,16.1,87.1,1821,15.3,
Santana, Ervin,429722,2017,.235,.396,-0.010,-0.004,86,16.1,4,6.2,42.6,23.2,48.5,42.6,25.4,21.4,10.7,52.9,92.8,2196,20.2,36.9,84.5,2372,10.7,10.2,85.8,1516,20.1,
Verlander, Justin,434378,2017,.240,.419,-0.019,-0.049,87.6,16.4,5.8,7.4,43.8,23.6,49.3,34.1,27.1,28.7,10.1,58.4,95.3,2540,22.3,37.5,84.9,2646,10.3,4.1,87.6,1813,18.8,
Hammel, Jason,434628,2017,.278,.475,.006,-0.033,88.2,16.2,7,8.6,41.6,21.5,48,38.2,28.6,25.4,7.8,50.1,92.1,2178,19.9,46.4,83.4,2435,6.9,3.6,85.1,1764,19.1,
Nolasco, Ricky,445060,2017,.291,.516,-0.005,-0.008,90,14.6,5.3,6.6,41.4,25.2,45.9,41.4,25.1,27,6.5,48.4,90.9,2055,19,36.6,79.1,2382,9.8,15,80.9,1379,13.5,
Kluber, Corey,446372,2017,.205,.324,-0.012,-0.003,85.3,10.5,4.9,7.9,43.5,33.6,49.1,45.9,19.5,27.2,7.4,65.8,91.3,2380,14.3,28.1,84.4,2589,14.7,6.1,85.8,1707,14.8,
Vargas, Jason,450306,2017,.256,.434,.008,.008,87,14.8,7.2,7,45.5,23.5,43.4,40.8,22.4,27.5,9.3,47.2,85.6,2197,17.7,20.3,72.1,2491,17.7,32.4,79.5,2278,17.4,
Lester, Jon,452657,2017,.241,.392,.018,.038,86.4,10.3,5.6,5.4,44.5,25,45.4,47.8,20.6,26.8,4.8,78.4,89.9,2223,15.7,13.1,75.6,2512,11.8,8.5,84.6,1743,15.3,
Scherzer, Max,453286,2017,.178,.305,.000,.014,86.5,19.1,6.1,8.8,40.9,32.1,52,38.3,28.7,22.2,10.8,56.3,93.2,2495,18.7,29.4,83.1,2433,8.4,14.3,84.6,1519,15.1,
Richard, Clayton,453385,2017,.278,.409,.030,.073,87.4,1.8,3.4,6.2,44.2,19.6,48.5,60.5,13.3,23.8,2.5,68.7,90.5,2090,16.5,20.3,81.5,2211,6.6,11,83.7,1848,15.7,
Arrieta, Jake,453562,2017,.241,.400,-0.006,.011,87.4,10.6,5.2,7.3,42.7,21.1,44.1,45.5,24.2,25.5,4.8,63.4,92.2,2260,19.1,28.3,83.3,2578,13.4,8.3,87.3,1800,16.1,
Lynn, Lance,458681,2017,.234,.396,-0.011,-0.001,86.6,12.2,4.9,5.8,42.4,22.5,44.9,45.4,23.7,23.4,7.5,89.9,91.3,2316,17.1,4.8,78.9,2184,9.8,5.3,86,1987,17.1,
Gonzalez, Gio,461829,2017,.226,.363,-0.010,-0.018,86.1,11.7,4.5,4.8,43.8,22.1,42.3,47.7,20.8,22.6,8.9,56.6,89.7,2208,20.1,24.7,74.8,2708,18.4,18.7,83,1676,16.9,
Estrada, Marco,462136,2017,.229,.407,.027,.056,87,21.8,5,6.4,45.5,24.1,49.3,31.3,29.7,23.6,15.5,60.4,89.5,2401,23.3,7.7,77.5,2662,12.5,31.9,77.5,2125,23.8,
Nova, Ivan,467100,2017,.282,.480,-0.005,-0.016,89.5,9.1,6.4,8.1,42.5,17.9,50.5,47.6,19.1,28.3,4.9,68,92.8,2193,20.2,22.1,80.6,2352,6.5,9.8,86.4,1965,19.8,
Chacin, Jhoulys,468504,2017,.238,.380,-0.003,-0.007,86.3,9.8,2.3,7.7,42.9,20.1,42.6,50.4,20.7,22.1,6.8,54.7,91.2,2146,21.4,39.3,79.6,2482,14,6,83.3,1503,17.6,
Carrasco, Carlos,471911,2017,.235,.389,.000,-0.003,87.4,9.6,5,7.8,41.8,29.6,48.9,46.9,20.5,26.4,6.2,49.3,94.2,2228,19.8,34.6,84.3,2588,6.1,16.1,88.4,1485,13.4,
Hellickson, Jeremy,476451,2017,.277,.489,-0.022,.008,87.8,17.8,7.7,6.8,43.8,18.1,48,36.4,25.6,28.3,9.7,57.1,89.4,2143,19.8,12.6,76.7,2924,16.4,30.3,81.3,1830,16,
Kershaw, Clayton,477132,2017,.213,.364,-0.001,-0.007,85.3,10.3,4.3,7.1,42.9,29.8,51.7,48.7,20.4,22.4,8.5,47.7,92.9,2340,23,51.3,83.6,2435,13.5,1,85.9,2171,25,
Cashner, Andrew,488768,2017,.275,.402,-0.025,-0.037,87.1,10.6,4.4,8.1,43,14.9,44.7,48.8,18.9,25.1,7.2,66.9,93.2,2104,20.1,19.6,85.4,2120,8.1,13.5,84.9,1495,17.1,
Quintana, Jose,500779,2017,.243,.401,-0.005,-0.005,87.6,11.7,8,7.1,42.9,21.3,43.9,46.1,21.1,26.8,6.1,62.8,92.1,2029,19.1,28.1,77.1,2187,12.2,9,86.1,1329,15.4,
Archer, Chris,502042,2017,.234,.392,.012,.015,89.5,12.6,7.6,7.1,43.1,30.3,47.9,43.1,23.6,27,6.3,47.4,95.5,2249,19.5,44.5,88.9,2546,4.7,8,85.9,1766,17,
Cobb, Alex,502171,2017,.270,.432,-0.016,-0.027,88.2,9.3,5.9,6.7,44.3,16.9,44.3,49.3,19.1,25.5,6,51.7,91.7,2101,21.6,34.1,80.5,2536,16.4,14.3,85.6,1599,19.8,
Samardzija, Jeff,502188,2017,.248,.424,.007,.023,87.4,12.4,6,7.2,43.7,22.4,49.1,43,24,26.2,6.8,58.3,93.9,2474,18.8,33.4,84.7,2392,9.9,8.3,86.7,1690,15.6,
Leake, Mike,502190,2017,.273,.432,.005,-0.008,87.7,6,5.9,6.9,44.2,18.4,48.4,54.6,17,25.1,3.3,67.5,89.8,2075,14.7,20.6,80.2,2510,10.6,11.9,84.5,1770,16.4,
Darvish, Yu,506433,2017,.233,.376,-0.005,.021,86.2,13.2,5.7,8,43.4,27.9,47,42.6,23.9,25.6,7.9,66.6,93,2489,15.9,30.8,80.8,2633,17.5,2.6,87.7,1823,13.2,
Moore, Matt,519043,2017,.275,.507,.008,-0.021,89.6,15.7,7.2,8,42.6,19.5,48,38.6,24.8,28,8.6,66.4,91.3,2238,21.2,17.7,81.1,2394,7.7,15.9,83.1,1727,18.9,
Nelson, Jimmy,519076,2017,.233,.355,.024,.019,85.9,5.9,6.6,8.8,43,25.2,48.7,51.1,18.6,26.5,3.8,61.3,93.9,2213,17.9,36.1,86.2,2548,10.6,2.7,87.6,1561,9.8,
Pomeranz, Drew,519141,2017,.247,.407,.005,-0.019,87.9,13,5.9,7.5,40.4,24,44.6,45.2,19.7,26,9.1,61.6,90.9,2353,19.5,37,79.4,2204,17.5,1.4,81.1,1697,18.3,
Porcello, Rick,519144,2017,.271,.480,.015,.018,88.2,14.4,6.2,8.1,43.4,21.1,49.6,40,26,26.8,7.2,59.2,91.1,2389,19.7,32.5,80.4,2671,12.3,8.3,80.3,1621,17.5,
Sale, Chris,519242,2017,.194,.336,.014,.013,86.8,15,6.7,8.3,44.7,31.7,50.1,39.8,26.2,25.2,8.7,48.3,94.5,2305,20,32.9,79.8,2395,13.7,18.8,86.8,2016,19.9,
Perez, Martin,527048,2017,.296,.468,.005,-0.015,87.1,9.8,5.7,5.9,43.5,17.9,44.9,47.8,18.7,27.9,5.6,58.7,93.1,2048,19,20.9,81.6,2455,7.8,20.4,84.6,1780,17.8,
Teheran, Julio,527054,2017,.253,.424,.004,.019,87.2,13.8,5,7.3,41.7,21.5,47,40.9,25.9,24.9,8.2,64.8,91.3,2229,17.8,28.7,79.7,2503,8.8,6.5,81.9,1595,17.9,
Cole, Gerrit,543037,2017,.257,.428,-0.003,.006,86.3,11.1,4,8.4,41.8,21.7,46.5,46.6,20.7,25.1,7.6,60.2,95.8,2149,21.1,29.5,84.9,2528,9.3,10.3,88.5,1631,19.3,
Gray, Sonny,543243,2017,.245,.404,-0.019,-0.030,87.4,5.4,4.7,6.8,41.2,27.2,46.6,54,17,24.7,4.3,60.7,92.7,2279,15.5,30,83.3,2866,13.2,9.4,89.5,1827,14.7,
Roark, Tanner,543699,2017,.256,.403,-0.002,.005,86.9,10,3.9,6.5,43.6,23.3,46.1,48.9,20.4,26.7,4.1,56.4,92.3,2058,20.1,31.5,81.1,2511,13.9,12.2,83.7,1757,17.5,
Strasburg, Stephen,544931,2017,.204,.333,.000,-0.016,87.3,10.8,5,9.5,44.5,27.7,49.7,47.6,20.8,24.6,6.8,54.8,95.3,2164,20.3,27.7,83.8,2707,14.5,17.5,88.6,1745,17.2,
Bauer, Trevor,545333,2017,.250,.420,.016,.026,89.4,9.7,5.1,7.4,41.7,23.7,42.2,46.7,19.3,27.7,6.4,61.1,92.5,2325,18.3,31.2,78.8,2546,17.6,7.7,86.8,1646,17,
Tanaka, Masahiro,547888,2017,.247,.443,.010,.024,88.1,8.4,6.3,6,43.8,31.1,51.2,50.1,21.2,23.4,5.3,37.6,91.5,2153,18.2,37.4,83.4,2377,7.8,25,87.6,1496,13.9,
Urena, Jose,570632,2017,.263,.462,-0.025,-0.047,86.4,13,4.5,5.8,41.1,19.8,45.5,44.3,24.8,24.4,6.6,54.7,95.6,2164,20,23.8,85,2305,10,21.5,88.6,1807,19.2,
Corbin, Patrick,571578,2017,.264,.425,.012,.036,87.9,7.8,3.1,6,42.3,25.3,47,52.2,18.7,23.6,5.5,53.3,92.2,2269,16.7,37.6,80.9,2359,7.7,9.1,83.5,1797,16.1,
Straily, Dan,573185,2017,.235,.410,.021,.056,87.1,18.4,5.1,8.2,41.7,26.4,49.9,35.8,27.2,24.9,12.2,50.5,90.4,2230,22.1,32.1,82.8,2408,9.2,17.4,83.4,1408,14.3,
Stroman, Marcus,573186,2017,.263,.396,.001,-0.004,88.7,0.6,4,7.2,42.3,23.6,44.5,63,12.6,21.4,3,66.1,93.2,2274,12.9,27.9,85.8,2735,12.1,6,82.7,1680,17.3,
Gausman, Kevin,592332,2017,.271,.452,.012,.007,87.7,11.7,4.3,6.2,42.4,25.8,46.5,44,20.7,29.1,6.2,64.2,94.9,2249,22.2,13.9,82.6,2291,5.1,21.9,85,1602,17.8,
Ray, Robbie,592662,2017,.215,.370,-0.016,-0.014,89.9,14.4,7.3,6.5,40.8,34.2,44.7,41.8,25.3,23.7,9.2,59.2,94.1,2276,19.7,40.8,83.2,2067,6.6,,,,,
Martinez, Carlos,593372,2017,.222,.352,.010,.039,87,8.1,5,7.7,43.7,24.4,46.8,52.4,18,23.9,5.7,55.5,95.6,2049,18.1,27.5,85,2183,10.8,16.9,87.8,1988,17.6,
deGrom, Jacob,594798,2017,.219,.349,.018,.040,86.3,10.8,3.8,7.1,45.5,29.1,49.9,47.6,21.8,24.1,6.5,55.3,95.1,2343,19,32.2,86.9,2480,6.9,12.4,87.7,1793,17.2,
Bundy, Dylan,605164,2017,.242,.438,-0.002,-0.018,88.8,19.4,6.1,7.1,43.1,25.3,49.1,33.2,30.3,25.8,10.7,53.7,92.1,2469,22.1,32.8,80.3,2403,8.8,13.5,83.6,1754,19.1,
Davies, Zach,605200,2017,.287,.430,-0.012,-0.006,86.2,7.4,4.8,6.2,45.1,17.7,43.4,51.4,16.4,27.5,4.8,70.6,89.1,2135,19.1,15.5,73.4,2603,16.2,14,79.4,1795,19.1,
Fulmer, Michael,605242,2017,.259,.406,-0.016,-0.056,86.1,9.4,5.1,6.8,43.3,21.3,49.5,50.8,18.3,24.3,6.6,59.7,95.8,2065,18.6,21.5,88.9,2377,8.7,18.8,87.8,1748,14,
Nola, Aaron,605400,2017,.224,.358,.017,.025,85.7,9,4.4,7.6,45.7,26.1,45.2,50.4,21.8,23.1,4.6,53.7,91.9,2074,17.4,30.8,77.4,2544,21.1,15.5,83.8,1435,13.5,
Perdomo, Luis,606131,2017,.270,.419,.015,.007,88,1.1,3.8,8.4,39.9,21.2,45.3,62.1,14.7,21,2.3,62.8,94,1955,21.8,32,84.4,2338,6.1,5.1,87.2,1488,19.1,
Wacha, Michael,608379,2017,.250,.390,.017,.019,87.2,9.8,3.9,8,44.9,22.9,47.8,50.1,19.6,24.7,5.6,70,94.1,2155,17.7,11.5,76.5,2234,14.8,18.5,87.8,1702,16.1,
Marquez, German,608566,2017,.258,.431,.016,.042,88.7,9.2,5.2,10.8,40.2,20.5,48.7,46.8,23.2,25.8,4.2,65.8,94.9,2171,18.1,29.2,81.5,2589,11.4,5,85.6,1682,14,
Blach, Ty,621389,2017,.289,.445,-0.006,-0.006,86.9,9.9,7,7.9,43.1,15.4,45.8,47.8,18.4,27.1,6.6,60.1,90.1,2104,22.3,16.2,77.4,2231,7,23.7,80.2,1990,22.6,
Severino, Luis,622663,2017,.215,.339,-0.007,-0.001,87.2,8,3.2,7.9,41.6,28.1,49.1,50.5,18.4,24.2,6.9,51.3,97.5,2301,20.6,35.1,88.3,2689,7.6,13.6,87.2,1671,18.5,
Wainwright, Adam,425794,2020,.265,.436,-0.044,-0.067,87.3,12,5.2,7.5,42.9,24.1,46,44,23,26.2,6.8,59.2,87.6,2253,13.5,38.3,73.5,2791,22,2.5,81.8,1683,15.3,
Greinke, Zack,425844,2020,.249,.421,.007,-0.016,86.8,11.7,5.6,6.4,43.7,27.7,40.8,42.9,23.5,26,7.7,43.5,88.1,2327,17.6,33.2,77.7,2425,12.2,23.3,86.2,1668,14,
Lester, Jon,452657,2020,.279,.517,-0.017,-0.058,88.9,11.9,4.9,6.2,40.9,18.1,44.3,48.3,29.1,17.7,4.9,74.7,88.4,2240,14.2,12.8,73.4,2569,11.8,12.5,83.3,1913,15.1,
Scherzer, Max,453286,2020,.252,.432,.008,-0.008,88.5,18.7,5.6,7.7,42.8,32.4,50.5,34.6,25.1,31.3,8.9,55.6,94,2489,17.2,28.4,82.8,2511,9,16,84.9,1440,15,
Cueto, Johnny,456501,2020,.261,.418,-0.013,.005,87.9,13,4.2,6.4,42.8,19.9,45.2,42.7,24,28.6,4.7,43.7,91.3,2198,18.6,29.2,82.1,2301,5.4,27.1,82.5,1333,12.5,
Lynn, Lance,458681,2020,.208,.350,-0.002,.036,88.6,17.5,5.8,6.1,45.1,25.4,49.5,37.1,28.6,25,9.4,90.5,92.5,2485,14.4,8.5,83.9,2609,6.6,1,85,1844,12.9,
Carrasco, Carlos,471911,2020,.222,.368,-0.001,-0.007,88,10.3,6.5,6.9,43.3,32.6,48.8,47.3,20.1,27.2,5.3,39.5,93.5,2458,17.6,33.6,85.5,2809,6.9,26.9,87.7,1317,7.6,
Gibson, Kyle,502043,2020,.284,.453,-0.009,.007,88.2,6.2,4.8,4,42.8,23.3,41.5,51.7,17.4,27.5,3.4,49.9,92.2,2171,18.3,32.3,81.9,2462,7.2,17.8,84.4,1652,16.3,
Darvish, Yu,506433,2020,.228,.346,-0.017,-0.025,88.7,11.9,5.3,8.7,42.1,31.9,49.7,43.9,18.2,29.4,8.6,63.8,90.1,2698,11.5,26.8,80.1,2768,15.8,9.4,90.2,1645,11.7,
Perez, Martin,527048,2020,.250,.422,-0.010,-0.007,86.3,14.3,5.4,5.6,46.4,22.1,43.3,39.5,24.9,27.6,8.1,64.9,90.4,2087,15.1,9.4,77.7,2521,7.9,25.8,83.7,1704,17.3,
Cole, Gerrit,543037,2020,.199,.382,-0.002,.023,90.4,16.4,12,7.6,43.1,34.2,49.6,37.7,30.3,25.1,6.9,52.8,96.7,2505,21.7,41.6,86.5,2672,10.1,5.6,88.3,1750,18.9,
Hendricks, Kyle,543294,2020,.237,.383,.003,-0.011,86.1,11,5,7.4,45.9,24.9,49.8,47.1,19.8,26,7,55,87.3,1903,16,16.7,72.1,2811,19.6,28.3,79.7,2062,16.7,
Bauer, Trevor,545333,2020,.163,.287,-0.004,.015,88.5,20.9,7.6,7.3,42,30.2,46.4,36.1,29.1,17.7,17.1,67.5,91,2817,17.4,32.2,80.2,2942,19.8,0.3,85,1731,17.2,
Ryu, Hyun Jin,547943,2020,.233,.335,.001,.017,87,9.6,4.3,5.7,45.5,26,49.3,52.4,17.8,23.2,6.5,59,87.9,2001,13.2,13.2,72.3,2542,19.2,27.8,79.6,1478,15,
Wheeler, Zack,554430,2020,.250,.349,.004,-0.001,85.7,3.8,5.2,6.7,44.5,22.6,52.9,56.6,10.8,27.4,5.2,65.5,96.8,2288,16.6,26,86,2485,10.1,8.5,90.3,1655,16.8,
Boyd, Matthew,571510,2020,.258,.479,.020,.073,87.4,15.4,4.9,6.5,42.3,27.9,48.5,38,28.3,26.1,7.6,52.7,91.7,2302,18.2,30.1,78,2369,9,17.2,79.1,1882,17.5,
Corbin, Patrick,571578,2020,.290,.470,.018,.019,90.7,11.9,10.1,7.2,42.8,23.6,50.4,46.1,20.7,25.8,7.4,52.1,90.1,2116,18.1,42.3,78.5,2222,4.4,5.6,77.7,1550,15.7,
Heaney, Andrew,571760,2020,.250,.445,-0.004,-0.031,88.6,16.3,8,7.8,43.4,27.7,50.5,38.8,26.1,25.5,9.6,57.8,91.5,2435,21,24.8,79.2,2550,7.2,17.4,83,2005,18.3,
Keuchel, Dallas,572971,2020,.278,.394,-0.060,-0.108,86.8,5.6,5.6,5.1,46.1,23.8,45.1,53.5,12.6,28.3,5.6,65.5,86.1,2139,11.6,6.6,75.8,2280,9.1,27.9,78.6,1680,15.8,
deGrom, Jacob,594798,2020,.195,.333,-0.005,-0.010,88.2,11.6,4.1,5.7,45.7,40.7,54.1,42.5,26.7,25.3,5.5,44.9,98.6,2477,18.2,38.1,91.9,2570,6.6,16.9,91.4,1638,14.5,
Gonzales, Marco,594835,2020,.243,.430,-0.021,-0.069,86.6,17.6,4.5,6.7,48,19.6,47.8,37.6,28.7,23.8,9.9,69.6,87,2153,17,16.1,75.3,2294,16.3,14.3,80.6,2114,19.5,
Bassitt, Chris,605135,2020,.242,.391,-0.009,-0.020,88.2,12.5,6.4,9.8,41.9,23,46.4,44.9,26.2,21.4,7.5,77.4,91.4,2143,15.8,12.4,71.3,2198,17.7,10.3,83.6,1950,19.9,
Bundy, Dylan,605164,2020,.215,.334,-0.007,.009,87,14.5,5.8,6.8,45.6,29.3,45,42.8,22,24.9,10.4,41.9,90.1,2409,19.9,36.7,77.9,2478,8.4,21.3,82.2,1620,15.7,
Davies, Zach,605200,2020,.269,.476,-0.053,-0.115,87.5,14.6,3.6,4.6,46.1,25.5,41.7,43.3,24.7,23.7,8.2,55.8,88.1,2085,18.2,2.8,74.5,2509,15.1,41.3,79.4,1728,16.7,
Nola, Aaron,605400,2020,.223,.355,-0.018,-0.001,88.3,8.6,6,5.4,46,31.2,47.1,49.4,16.7,26.2,7.7,46,92.3,2143,19.5,26.7,78.6,2499,18.3,27.4,84.9,1518,15,
Woodruff, Brandon,605540,2020,.199,.340,.005,.001,86.7,13.3,2.8,6.4,43.3,28.9,48.3,51.1,20.6,17.2,11.1,65.2,96.4,2413,18.9,17.3,86.4,2555,6.6,17.5,86.7,1817,18.1,
Freeland, Kyle,607536,2020,.285,.437,-0.007,-0.004,87.3,7.4,5.2,6.2,47.1,20.5,45.9,52.2,17.2,26.7,3.9,33.5,91.9,2418,15.9,42.5,83.6,2458,6.8,24,86,1375,12.3,
Giolito, Lucas,608337,2020,.196,.323,-0.012,-0.013,87,15.2,6.2,8.4,40.5,36.6,50.7,44.1,26.7,21.7,7.5,50.6,94,2349,20,15.7,84.4,2120,6.2,33.7,80.9,1410,15.9,
Marquez, German,608566,2020,.260,.394,-0.013,-0.021,88.8,7.2,8.9,8.5,41.7,26.3,49,50.8,16.3,28,4.9,52.4,95.6,2152,15.5,42.3,86.5,2589,5.2,5.3,86.8,1816,16.4,
Mills, Alec,621219,2020,.264,.462,-0.034,-0.014,86.9,10.1,5.9,5.4,44.7,17.9,44.3,48.1,21.6,23.2,7,59.7,89.8,2183,17.5,25.1,71,2460,16.8,15.2,80.7,1709,15.9,
Berrios, Jose,621244,2020,.248,.400,-0.011,-0.017,88.7,14,6.9,6.9,44,27.3,45.9,42,24.7,26.4,6.9,51.6,94.2,2160,18.9,29.6,83.4,2352,15.1,18.8,84.7,1531,13.5,
Castillo, Luis,622491,2020,.210,.314,.023,.051,86,2.2,6.7,6.3,42.3,32.7,51,58.4,15.2,23.6,2.8,52.3,97.4,2142,17.6,17.7,86.8,2484,1.9,30,88.2,1942,16.6,
Senzatela, Antonio,622608,2020,.273,.430,-0.019,-0.021,88.3,9.1,6.3,7.9,44.7,18.4,46.3,50.8,21.3,22.1,5.8,55.9,94.3,2140,12.3,33.7,84.5,2213,7.1,10.4,86.4,2133,12.4,
Maeda, Kenta,628317,2020,.208,.351,-0.040,-0.044,85.3,10.8,2.5,7.3,41.4,34.7,52.6,49.4,18.4,22.2,10.1,28.5,91,2271,16.7,42.2,82.6,2511,8.8,29.3,84.5,1488,13,
Civale, Aaron,650644,2020,.266,.437,.016,.037,87.1,10.4,6.3,7.7,46,24.9,45.5,45.1,23.7,26.3,4.9,60.2,89.7,2382,14.4,30.7,77.7,2799,16.4,9.2,85.3,2028,17.8,
Lamet, Dinelson,659275,2020,.187,.317,-0.026,-0.057,88.7,16.9,8,6.2,42,32.5,47.4,38.7,24.7,24.7,12,46.6,97,2485,18.8,53.4,86.5,2614,6.3,,,,,
Singer, Brady,663903,2020,.232,.369,-0.012,-0.013,88.5,9,6.8,7.2,42,24.2,42,53.7,22,20.3,4,57.9,93.3,2240,18.3,37.4,83.1,2387,5.6,4.7,87.8,2164,18.8,
Valdez, Framber,664285,2020,.240,.379,.000,-0.037,91.4,-0.8,8.4,8.7,42.9,24.3,44.8,60.2,14.7,24.1,1,56.8,93.1,2254,14,33.5,80.5,2982,19.2,9.7,88.8,1720,13.5,
Gallen, Zac,668678,2020,.226,.369,-0.016,-0.033,87,12.4,1.1,4.7,48.5,30.2,43.3,47,21,24.3,7.7,63.8,90.8,2365,14.4,17.2,81.6,2431,11.2,19,84.9,1530,13.9,
Bieber, Shane,669456,2020,.186,.320,-0.019,-0.055,89.3,9.6,3.3,5.1,41.9,40.7,46.7,48.4,19,25.5,7.2,53.6,92.7,2407,17.2,37.9,83.9,2413,13.2,8.5,88.7,1665,16.8,
Greinke, Zack,425844,2018,.245,.406,-0.014,-0.016,88,10.4,6.3,5.8,45.3,25.9,45.3,45.5,23.7,25.7,5.1,50.1,89.6,2329,17.4,28.9,78.7,2514,11.6,21,86.5,1738,12.8,
Hamels, Cole,430935,2018,.253,.423,-0.007,-0.001,88.5,11.1,5.3,6.7,43.9,26.9,47.8,46.2,23.3,25,5.5,62.9,90.7,2071,14.9,18.2,80.5,2176,9.6,18.9,83.3,1652,16.7,
Verlander, Justin,434378,2018,.184,.309,.016,.051,88.5,22.1,6.6,9.2,45.4,31.6,51.2,30.7,31.7,24.3,13.3,61.8,95,2618,23,36.8,83.8,2767,9.7,1.5,87.4,1899,19.3,
Kluber, Corey,446372,2018,.227,.369,-0.004,-0.002,87.9,11.2,5.7,6.3,43.3,26.9,48.2,45.6,22.3,26.2,5.7,71,90.5,2425,12.8,22.5,83.8,2607,15.6,6.6,85.2,1751,13.4,
Shields, James,448306,2018,.262,.468,-0.017,-0.033,88.6,16.6,6.7,7.9,40.4,24.3,45.4,36.8,27.8,26.5,8.9,62,88.2,2281,12.8,19.7,78.2,2478,8.2,18.2,83.4,1665,16.1,
Morton, Charlie,450203,2018,.205,.325,.008,.031,87.5,7.7,4.4,7.7,42.5,28.5,44.8,48.9,20.3,25.4,5.3,64.4,94.9,2213,17.6,29.3,79.7,2923,21.1,6.3,87.3,2122,19.2,
Lester, Jon,452657,2018,.269,.453,-0.013,-0.043,88.7,13.7,7.2,6.7,42.1,20.3,44.3,40,23.2,30.3,6.5,75,90,2269,15.2,15.7,74.8,2571,13.2,9.2,84.9,1805,15.2,
LeBlanc, Wade,453281,2018,.251,.431,-0.005,-0.012,87.4,16.1,5.3,7,43.7,21.7,46.2,37.4,27.4,26.4,8.8,61.1,85,1940,15.3,9.1,72.6,2205,13.8,29.8,77.7,1522,15.6,
Scherzer, Max,453286,2018,.186,.319,.002,.013,86.6,20.7,6.4,8.6,42,33,52.4,35.2,25.8,23.1,15.9,59.8,93.4,2477,16.2,24.5,83,2427,6.2,15.7,83.9,1457,15.4,
Arrieta, Jake,453562,2018,.249,.392,.005,.015,87.8,8.6,4.8,8.5,41.2,19.1,46.1,51.9,18.5,24.2,5.4,55.5,93,2243,18.6,33.9,86.8,2559,11.2,10.6,88,1650,15.7,
Price, David,456034,2018,.240,.409,-0.010,-0.010,88.7,14.7,6.4,7.9,43.2,22.8,47.5,41,25.2,24.5,9.3,74.9,91.2,2179,15.4,2.9,79.1,2207,8.3,22.2,85.3,1719,17.2,
Happ, J.A.,457918,2018,.226,.399,-0.001,-0.010,88.4,15.4,3.8,6.8,45.7,24.1,47.8,40.7,27.8,21.7,9.8,73.3,91.9,2297,19,14.4,84.2,2180,7,12.3,86,1619,16.7,
Gonzalez, Gio,461829,2018,.255,.412,.001,-0.013,87.7,11.2,6.8,5.7,42.1,23.8,43.2,46.9,21.5,24,7.6,56.4,89.7,2176,18.5,20.7,75.7,2715,20.3,22.9,82.7,1631,15.2,
Chacin, Jhoulys,468504,2018,.245,.399,-0.025,-0.042,88.8,13.2,5.6,7.2,43.3,21.2,43.4,44.4,21.9,26,7.7,47.7,90.1,2056,17.3,45.3,79.3,2367,13.8,7,85.1,1533,11.2,
Carrasco, Carlos,471911,2018,.228,.370,.010,.014,89.7,9.8,6.7,7.5,40.4,33,49.7,48,24.2,22.8,5,44.6,93.5,2309,18.2,39.1,83.4,2680,6.1,16.3,88,1507,11.1,
Quintana, Jose,500779,2018,.247,.413,-0.001,.005,89.4,12.4,5.7,7.6,41.7,20.6,42.8,44.7,23.7,25.3,6.3,68.3,91.5,2008,17.1,24.9,76.1,2176,12.6,6.8,86.3,1275,12.7,
Gibson, Kyle,502043,2018,.251,.392,-0.010,-0.007,88,7.9,6.7,5.1,44.4,26.7,45.2,51.4,17.9,25.5,5.1,57.7,93,2140,17.7,31.3,83.9,2472,7.1,11,85.6,1696,14.9,
Leake, Mike,502190,2018,.297,.470,-0.017,-0.023,89.8,8.5,6.6,7.2,44.9,16.7,49.7,49.7,19.7,25.8,4.8,59.4,88.2,2083,12.1,21.9,79.4,2504,13.1,18.7,83.7,1769,14.7,
Holland, Derek,502706,2018,.238,.399,.003,.006,88.3,14.7,7.2,6.7,45.1,23.8,47,42.1,23,26.7,8.2,56.9,91.5,2353,20.5,34.3,80,2141,4.4,8.8,82.9,2125,18.8,
Porcello, Rick,519144,2018,.243,.402,-0.002,-0.003,89,12.4,5.6,7.2,44.6,20.5,47.1,44.9,23.8,24.7,6.5,49.8,90.4,2385,18.7,38.4,81.9,2653,11.4,11.7,81.4,1760,17.1,
Teheran, Julio,527054,2018,.231,.406,-0.035,-0.032,88.7,15.5,7.7,6,43.2,28.4,43.1,39.7,28.1,23.7,8.5,61.9,89.7,2272,16.3,28.5,78.4,2607,8.1,9.5,82.6,1615,16.5,
Anderson, Tyler,542881,2018,.232,.383,.016,.065,87.6,15.9,7.2,8,43.7,25.2,49.1,38,25,27.6,9.4,73.3,90.2,2330,15.3,3.8,73.7,2336,11.2,22.9,81.2,1901,16.4,
Cole, Gerrit,543037,2018,.197,.336,.001,-0.004,89.1,15.8,9.3,8.3,43.7,30.8,49.6,37.6,26.5,26.5,9.3,56.4,96.5,2372,20.6,39.2,85.7,2706,11.9,4.5,87.7,1667,18.5,
Hendricks, Kyle,543294,2018,.243,.388,.004,.003,86.4,10.3,5.5,7.1,46.6,21.7,44.7,48.8,19.2,25.9,6,61.8,86.8,1983,16.6,7.6,71.8,2795,19.3,30.6,78.6,2090,16.7,
Odorizzi, Jake,543606,2018,.245,.425,-0.003,-0.006,89.1,21.4,8.7,5.7,44.1,24.7,47.4,30.6,29.7,27,12.7,56.5,90.9,2253,19.6,25.9,81.3,2219,10.9,17.7,84.2,1605,14.6,
Roark, Tanner,543699,2018,.255,.418,.007,.004,88.1,14.5,7,6.2,43.8,20.1,45.8,42.6,24.2,24,9.2,61.4,91.3,2069,19,26.7,79.6,2527,14.3,11.9,83.4,1731,17.9,
Bauer, Trevor,545333,2018,.197,.307,.011,-0.005,87.8,12,7,7,40.8,31.5,45.1,45.3,22.6,25.3,6.7,52.5,93,2373,16.2,40.5,80.1,2623,18.2,7,87,1852,17.4,
Wheeler, Zack,554430,2018,.219,.334,.006,-0.014,86.1,11.3,4.2,7.6,44.4,24.5,49.2,46.1,21.6,24,8.4,57.5,95.9,2291,18.8,29.8,86.7,2415,9.6,12.8,89.1,1631,15.8,
Urena, Jose,570632,2018,.249,.394,-0.007,-0.013,88.5,9.3,6.2,6.3,42.9,20.2,47.5,50.7,22.4,21.6,5.4,57.7,95.8,2125,19.3,23.4,86.2,2244,9,19,89.9,1813,18.9,
Boyd, Matthew,571510,2018,.210,.374,.018,.036,87.4,22.3,8.6,7.4,42.5,23.4,46.5,30.5,32.2,24,13.3,48.8,90.4,2281,18.4,43.2,78.1,2308,7.6,8,78.6,1760,14.8,
Corbin, Patrick,571578,2018,.232,.359,-0.014,-0.022,88.3,7.7,6.2,5.4,41.2,34.3,47.6,49.3,20.6,26.7,3.4,48.6,90.8,2236,18,50.3,80,2333,3.9,1.1,81,1710,16.1,
Fiers, Mike,571666,2018,.255,.479,-0.006,-0.029,90,16.8,5.7,7.9,43.5,19.8,46.6,40.2,28.9,22.6,8.3,48.5,89.4,2294,20.7,33.3,79.1,2571,16.3,18.3,83.3,1894,17.5,
Heaney, Andrew,571760,2018,.244,.404,.004,.015,87.7,12.4,6,7.2,43.8,26.3,48.5,43.6,24.2,24.2,7.9,58.2,91.9,2467,20.3,25.2,78.6,2383,6.5,16.6,83.3,1931,18.3,
Mikolas, Miles,571945,2018,.244,.377,.001,-0.027,86.7,8.2,4.5,7.8,42.2,20.2,52.5,50.8,18.8,24.1,6.2,48.3,93.9,2268,15.9,47.2,83.7,2476,11,4.4,88.4,1680,16.6,
Keuchel, Dallas,572971,2018,.247,.364,.016,.029,87.3,4.5,4.1,5.3,46,19.7,45.3,54.9,15.6,25.4,4.1,68.8,88.6,2090,12.5,18.4,78.7,2190,11.6,12.8,79.6,1544,15.8,
Foltynewicz, Mike,592314,2018,.202,.330,-0.007,-0.006,88.6,13.9,4.3,7.7,41.5,25.1,44,43.7,24,22.9,9.4,56.5,96.4,2320,18.8,37.4,84.9,2513,6.3,6.2,87.8,1909,18.5,
Gausman, Kevin,592332,2018,.269,.445,-0.005,-0.009,89.1,10.8,6.3,7.5,43.5,24.7,49.3,46.6,23.3,24.3,5.8,58.5,93.6,2168,19.4,14.4,81.4,2210,3.5,27.2,82.6,1478,15.1,
Gray, Jon,592351,2018,.247,.394,.019,.057,89.8,9.7,6,8,41.5,28.8,45.9,49.3,20,24.6,6.2,49.7,94.7,2014,15.9,48.7,85.3,2265,7.7,1.6,86.3,1557,14.5,
Taillon, Jameson,592791,2018,.237,.371,.009,.014,87.8,10.4,5.4,7.7,45,23.8,49.3,47.7,20.9,25.3,6.1,57.3,95.2,2302,16.5,38.1,85.9,2527,12.9,4.5,87.9,1709,13.6,
Williams, Trevor,592866,2018,.248,.394,-0.017,-0.030,86.9,14.1,4.3,5.8,44.5,18.7,47.2,43,23.3,26.6,7.2,69.4,90.4,2094,15.1,15.3,81.4,2199,7.1,15.3,83.2,1681,16.3,
deGrom, Jacob,594798,2018,.195,.284,.001,-0.007,86.1,11.3,3.7,7,45,31,52.5,47.8,20,22.9,9.3,51.7,95.9,2343,16.6,32.2,88.9,2512,7.3,16.1,88.9,1701,14.1,
Gonzales, Marco,594835,2018,.263,.410,.004,.004,88.6,10.4,6.2,6.1,46.6,21,48.4,45.3,21.1,27.8,5.8,54.6,88.9,2296,16.4,22.3,78.1,2450,15.4,23.1,83.6,2206,19.4,
Junis, Jakob,596001,2018,.248,.434,.017,.021,88.7,13.8,4.1,8.3,40.7,22,46.9,42.7,27.4,22.9,6.9,53.3,91,2007,15.6,40.8,81.7,2456,15.1,5.9,84.7,1488,11,
Pivetta, Nick,601713,2018,.218,.371,.043,.052,88.8,10.9,4.2,7.4,42.8,27.2,48.1,49.7,20.3,22.9,7.1,58.9,94.8,2257,19.5,38.8,82.1,2692,14.7,2.2,87.1,1856,17.3,
Bundy, Dylan,605164,2018,.244,.439,.030,.084,89.2,17.4,8.7,8.7,42.2,26.8,50.3,34.8,28.9,27.3,9.1,55.8,91.6,2396,20.7,34,79.6,2414,7.8,10.2,83.7,1740,17.5,
Clevinger, Mike,605182,2018,.214,.354,.009,.011,87.2,14.3,8.7,8.2,40.9,27.8,46.4,41.2,23.7,26.2,8.9,52.9,93.6,2298,18,33,78,2317,16.6,14.1,87.6,1500,16.4,
Nola, Aaron,605400,2018,.202,.315,-0.005,-0.004,87.1,9.1,4.4,7.9,45.1,27.5,47.6,52.4,17.7,22.9,7,49.3,92.4,2101,18,30.9,78,2545,19.5,19.8,84.8,1478,14.9,
Snell, Blake,605483,2018,.202,.341,-0.024,-0.041,87.5,10.7,4.8,5.9,42.9,34.6,45.4,45.7,26.1,23.4,4.8,51.5,95.8,2364,18.7,29.3,83.4,2481,11,19.2,87.5,1777,18.1,
Freeland, Kyle,607536,2018,.239,.373,.001,-0.015,86.8,12,3.9,5.6,43.9,21.5,45.8,47.6,20.7,23.4,8.4,52.4,91.5,2253,13.4,33.9,85,2197,5.4,13.7,85.5,1393,12.6,
Giolito, Lucas,608337,2018,.256,.432,-0.006,.012,88.7,13.3,4.8,7.7,42.3,21.4,43.4,45.1,24.8,22.4,7.7,59.5,92.4,2066,18.1,24.9,81.7,2155,9.5,15.7,81.7,1651,14.4,
Marquez, German,608566,2018,.225,.356,.016,.042,89.5,9.1,6.5,8.9,41,28.1,47.4,48.5,19.8,27.1,4.6,55,95.2,2198,15.7,38.6,83.5,2550,7.4,6.4,85.7,1730,15.4,
Berrios, Jose,621244,2018,.224,.366,-0.002,.006,87.3,14.3,5,6.9,41.7,25.6,47.9,43,24.2,23.2,9.6,60.4,93.2,2183,18.9,30.5,81.7,2360,15.7,9.1,83.7,1633,15.3,
Castillo, Luis,622491,2018,.245,.425,.000,.006,88.8,9.6,7.4,7.5,42.9,28.6,49.6,47.9,20.4,24.3,7.4,57.2,95.7,2165,19.3,16.4,83.6,2206,2.5,26.4,86.2,1931,17.3,
Severino, Luis,622663,2018,.240,.393,-0.002,-0.014,88.4,11.7,5.1,8.7,43.2,26.8,49.7,42,19.6,30.3,8.1,50.5,97.6,2365,17.7,36,88.1,2872,10.6,13.6,88.1,1648,16.1,
Lopez, Reynaldo,625643,2018,.253,.433,-0.019,-0.033,88.3,19.6,6.6,9,42.5,21.3,47.4,33.6,27.2,27.2,12.1,60.8,95.5,2102,17.9,23.7,81.9,2105,5.7,15.5,83.6,1541,15.7,
Godley, Zack,643327,2018,.255,.403,.005,-0.014,89.6,7.5,5.7,6.9,37.4,27.3,44.4,50.3,17.3,27.3,5.1,54.4,89.5,2219,13.9,40.3,81.4,2178,10.5,5.3,81.1,1287,9,
Newcomb, Sean,656794,2018,.221,.348,.005,.014,87.8,13,6.6,7.9,41.6,24.7,44.6,44.1,24.4,24,7.5,62.3,93,2179,18.3,18.6,77.6,2683,18.4,19.2,86.3,1619,15.4,
Wainwright, Adam,425794,2021,.251,.388,-0.031,-0.036,88.2,10,5.7,7.8,45.4,19.7,43.8,48.7,21.5,25.4,4.4,59.7,87.5,2295,14.3,33.8,73.5,2839,22.2,6.4,82.7,1715,16,
Greinke, Zack,425844,2021,.266,.431,-0.014,.003,88.3,10.6,5.8,6.7,43,21.8,46,45.6,23.9,25,5.4,45.9,89,2224,16.7,31.8,77.2,2361,12.4,22.4,86.4,1594,13.7,
Morton, Charlie,450203,2021,.217,.332,-0.014,-0.023,88.1,7.7,5.6,7.8,43.3,28.9,46,49.5,20,25.2,5.4,58,94.1,2301,16.3,36.7,80.6,3053,19.5,5.3,86.4,2100,18.4,
Scherzer, Max,453286,2021,.196,.355,-0.011,-0.024,87.9,19.3,5.8,8.2,42.8,34.1,50.6,35,32.4,22.6,10,56,93.6,2441,17.7,29,82.8,2404,9.2,14.9,85,1446,15.9,
Miley, Wade,489119,2021,.253,.399,.012,.009,85.7,8,6.8,4.1,46.6,23.7,47.5,50.8,18.9,26,4.3,64.1,86.6,2263,10.7,8.6,77.4,2343,13.5,27.4,81.9,1807,16.4,
Gibson, Kyle,502043,2021,.241,.368,-0.007,-0.005,88.8,7.4,5.1,5,44.2,24.9,44.8,52.4,18.4,23.7,5.5,61.6,91.7,2224,15,25.1,82,2485,8,13.3,84.8,1641,15.2,
Darvish, Yu,506433,2021,.209,.376,.013,.053,88.2,16.6,7.4,8.9,44,27.3,47.6,37.9,30.5,22.8,8.8,64.3,90.2,2636,12.8,30.9,79.9,2749,16.8,4.8,88.9,1471,11.2,
Anderson, Tyler,542881,2021,.260,.429,.002,.023,87,18.2,5.7,7.1,44.9,23.1,54.2,37.7,28.5,25.3,8.5,74.7,88.3,2358,16.8,0.6,74.3,2444,9.3,24.6,80.9,1835,19,
Cole, Gerrit,543037,2021,.209,.369,.014,.003,88.7,12.5,3.9,8.4,42.4,31.9,48.9,42.7,28.2,22.5,6.6,48,97.7,2451,21.7,37.9,86.3,2683,10.2,14.2,89.8,1719,18.9,
DeSclafani, Anthony,543101,2021,.242,.411,-0.017,-0.053,88.9,11.6,5.2,8.5,41.8,24,48.9,45,25.8,22.5,6.7,45.7,94,2194,19.1,43.8,87,2154,7.2,10.5,88.2,1583,16.6,
Eovaldi, Nathan,543135,2021,.239,.366,.014,.036,88,12.8,6.5,8.2,43.9,25.9,51.6,42.7,23.1,25.6,8.5,54.8,95.9,2151,17.3,32.5,81.6,2116,11.3,12.7,87.9,1536,11.4,
Hendricks, Kyle,543294,2021,.277,.456,.001,.025,86.3,11.1,4.7,6.7,48,20.1,48.6,44.6,22.3,25.3,7.9,60.5,87.3,1861,16.8,11.7,73.2,2844,19.1,27.8,80,2008,17.4,
Lyles, Jordan,543475,2021,.275,.482,.003,.017,89.9,15.3,6.6,7.2,42.1,23.5,48.2,38.8,29.5,25,6.8,51.2,92.4,2279,18.5,41.5,82,2645,13.1,7.3,86.4,1594,16.9,
Ryu, Hyun Jin,547943,2021,.265,.440,-0.007,-0.005,89.6,9.8,4.8,5.7,46.6,22.6,47.5,47.2,22.9,24.3,5.6,61.5,88.4,1965,14.2,13.1,74.1,2494,17.5,25.4,79.9,1511,15.9,
Wheeler, Zack,554430,2021,.215,.318,.000,.003,84.6,8.4,3.6,8,44.4,26.5,51.9,50.9,16.2,24.3,8.6,60.6,97,2331,18.3,35.6,88.5,2466,9.5,3.8,90.6,1591,17.3,
Corbin, Patrick,571578,2021,.282,.494,.004,.016,89.4,9,6.4,6.7,42.9,24.8,47.9,48.3,23.9,24.1,3.7,56.7,92.4,2123,18.1,39.1,80.3,2205,4.2,4.2,81.5,1619,16.9,
Keuchel, Dallas,572971,2021,.302,.493,-0.012,-0.021,88.3,5,4.8,4.2,43.9,21,44.2,54.8,18.8,22.4,3.9,64.4,86.8,2078,13,7,77.8,2374,7.6,28.6,79.6,1630,15.8,
Stroman, Marcus,573186,2021,.262,.419,-0.020,-0.057,89.1,6.3,6,6.9,42.2,26.7,48.5,52.6,20,24.6,2.9,60.3,91.5,2369,9.9,23.5,84.8,2673,12,16.2,86.1,1639,12.7,
Gausman, Kevin,592332,2021,.231,.382,-0.021,-0.037,89.1,12.1,6.1,8.8,43.4,31.3,52.4,42.7,28.1,23.3,5.9,52.7,94.6,2283,19.5,5.9,81.9,2240,3.2,41.4,83.6,1541,13.4,
Ray, Robbie,592662,2021,.219,.398,-0.009,.003,90.4,17.6,6,8.8,41.3,32.3,52,37.3,29.4,23.7,9.6,59.5,94.8,2272,19.1,36.9,87.6,2176,6.7,3.6,88.2,1726,17.1,
Montas, Frankie,593423,2021,.237,.404,-0.005,-0.032,89.3,11.6,8.3,7.2,43.5,29.6,50.5,43.5,25.3,26.1,5.1,64.6,95.8,2362,18.7,13,88.1,2478,7.8,22.4,87.5,1595,12.4,
Musgrove, Joe,605397,2021,.236,.388,-0.023,-0.024,87.8,11.6,5.1,7.6,41.2,29.3,46.9,45,26.8,22,6.1,43.6,92.2,2599,11.6,51.5,83.1,2795,15.9,4.8,87.1,2069,10.8,
Nola, Aaron,605400,2021,.223,.378,.014,.027,88.9,14.4,5.4,7.5,45.1,27.9,49.2,41.6,27,24.1,7.3,53.2,92.5,2181,19.2,27,78.5,2529,17.9,19.8,85.2,1511,15.5,
Woodruff, Brandon,605540,2021,.226,.353,-0.026,-0.036,86.2,10.6,5.4,8.6,43.5,28.2,51.1,43.4,22.6,27.5,6.5,60.4,96.4,2326,18.4,25.3,84.7,2614,10.5,14.2,86.5,1906,16.4,
Fried, Max,608331,2021,.234,.364,-0.007,-0.011,86.5,6.1,3,8.1,43.7,24.3,49,53.8,20.6,20.6,5,50.4,93.8,2087,13.5,47.5,79.2,2574,14,2.2,84.7,1411,13.6,
Giolito, Lucas,608337,2021,.221,.362,-0.002,.032,87.7,18.3,7.3,8.7,41.6,32.2,50.5,34.2,26.9,27.7,11.2,43.9,93.8,2345,20.3,24.3,85,2069,6.8,31.8,81.5,1492,16.7,
Irvin, Cole,608344,2021,.281,.446,-0.006,-0.022,89.3,16.2,6.8,8.6,46,19.2,52,38.6,26.2,27.7,7.4,59.9,90.7,1934,18.8,18.2,81.9,2017,4.6,22,84.2,1584,15.9,
Marquez, German,608566,2021,.251,.391,-0.009,-0.002,88.9,5.2,5.9,8.6,40.9,27,47.8,52.8,20.5,23.7,2.9,52.9,94.7,2075,13.6,45.1,85.8,2526,4.3,2.1,86.1,1670,13.7,
Buehler, Walker,621111,2021,.218,.345,-0.019,-0.016,88.2,11.1,5.5,7.6,44,26.3,49.2,46.2,25.1,21.8,6.8,68.2,94.4,2493,16.6,27,82.5,2829,16.4,4.8,91.5,1522,14.4,
McCullers Jr., Lance,621121,2021,.209,.315,-0.004,.009,89.8,5.1,5.3,7.6,38.7,30.2,41.6,56.9,19.9,19.9,3.4,35.5,93.8,2132,14.9,50.8,85.1,2859,15.4,13.7,85.8,1682,17.5,
Berrios, Jose,621244,2021,.242,.408,-0.019,-0.028,88.4,12.4,6.2,8,42.1,23.7,47,43.7,23.4,26.9,6,56.3,93.9,2180,18.8,30.5,82.9,2338,15.6,13.2,84.8,1521,14.9,
Castillo, Luis,622491,2021,.233,.348,.022,.054,87.7,4.2,4,6.6,44.8,28.7,49.3,57.8,17,21.6,3.6,52.3,97.2,2241,17.7,17.4,86.4,2441,2.7,30.3,88.3,1970,16.9,
Flexen, Chris,623167,2021,.261,.427,.007,-0.013,89.5,11.5,6.5,7.3,43.5,19.2,49.8,43,28.1,24.1,4.7,69.4,91.2,2188,14.6,15.3,77.2,2708,15.5,15.3,82.7,1326,15.7,
Urias, Julio,628711,2021,.219,.361,.000,-0.012,86,15.5,5.3,8.7,43.6,24.1,51.3,42.4,28.9,20.8,7.9,48.4,94.1,2499,17.8,34.2,81.4,2885,16.1,17.3,86.8,1921,16.4,
Manaea, Sean,640455,2021,.249,.419,.006,-0.004,90.2,13.3,7.8,8.9,42.4,27.1,51.5,42.7,24.7,24.9,7.6,60,92.1,1996,18.6,15.6,82.6,2014,6.5,24.4,84.5,1376,14.2,
Mahle, Tyler,641816,2021,.229,.365,.005,.031,87.8,13.3,4.4,5.9,45.5,28.4,45.2,44,24.8,23.6,7.6,57.4,93.5,2343,20.1,26.7,86.7,2535,7.8,15.9,86.5,1842,16.9,
Alcantara, Sandy,645261,2021,.233,.369,-0.010,-0.004,87.6,4.5,6.1,7.9,43.7,27.3,53.3,54,20.5,21.2,4.3,49.8,97.8,2287,18.3,26.7,89.8,2363,4.8,23.5,91.8,2006,16.5,
Cease, Dylan,656302,2021,.210,.364,.013,.000,89.2,18.5,6.7,6.8,40,34.6,46.8,34.6,31.4,24.4,9.6,46.8,96.7,2543,19.4,45.8,83.9,2838,11.4,7.4,78.1,1641,17.4,
Burnes, Corbin,669203,2021,.181,.257,.020,.016,85.5,8.4,4.7,6.7,42.1,36.5,49.2,50.1,22.2,21.9,5.7,62.9,95.5,2733,13,27.4,83.5,2865,12.1,9.6,90.7,1873,16.1,
Colon, Bartolo,112526,2016,.273,.433,-0.005,-0.003,90,12.2,6.2,8.1,44.5,13.4,47.2,45.1,22.1,26.4,6.4,89.4,88.4,2148,19.8,6.3,82.5,2282,8.3,4.3,81.4,1683,18.6,
Sabathia, CC,282332,2016,.222,.353,.028,.037,85.1,9.7,5,6.4,44.5,22.9,46.4,51.5,20.3,19.7,8.5,71.4,89.3,2104,15.4,22.9,80.4,2085,12,5.7,82.5,1957,14.9,
Dickey, R.A.,285079,2016,.275,.467,-0.017,-0.006,87.6,12.8,5.1,8,43.3,23.6,48.1,42.4,22.7,25,9.9,13,82.9,1889,19.4,87,76.6,1592,10.4,,,,,
Lackey, John,407793,2016,.247,.410,-0.029,-0.046,89.7,14.5,6.3,7.4,42.1,25.2,49,43.5,23.1,27.1,6.3,80.9,90,2244,15.1,13.6,78.9,2329,8,5.5,84.9,1871,19.4,
Wainwright, Adam,425794,2016,.275,.427,.012,.019,86.9,11.1,5.1,7.7,42.5,19.8,44.1,45.2,17.8,30.9,6.1,70.6,88.8,2241,15,26.8,74.4,2657,18.8,2.6,83.3,1583,16.6,
Santana, Ervin,429722,2016,.254,.412,-0.009,-0.031,88.3,13.1,4.2,5.6,41.6,22.8,47.2,43.5,23.4,25.6,7.4,52.8,93.3,2243,19.2,39.5,84.1,2081,9.4,7.7,85.6,1456,17.9,
Hamels, Cole,430935,2016,.243,.394,.000,-0.014,87.6,8,5.2,6.1,43,26.8,48.7,49.7,20.4,25.2,4.6,67.1,92,2071,18.8,14.6,79.8,2141,8.8,18.3,84.7,1623,18.9,
Verlander, Justin,434378,2016,.206,.362,.001,.006,87.9,19.5,4.5,7.3,44.8,26.7,50.2,35.4,28.1,23.5,13,57.8,94.1,2558,24.5,33.7,84.1,2612,11.7,8.5,85.9,2057,21.3,
Liriano, Francisco,434538,2016,.235,.386,.017,.040,88.4,6.4,6,5.5,42.9,27.9,43.3,53.1,19.6,23.5,3.8,51.3,93.3,2040,19.3,29.2,85.9,2231,7.7,19.5,85.9,1784,17.1,
Hammel, Jason,434628,2016,.248,.431,-0.009,-0.008,90,12.4,5.3,6.5,42.5,23.5,46.6,44.2,23.7,25.7,6.4,50.6,92.7,2199,20.9,46.7,83.9,2319,7.3,2.7,85.4,1692,18.1,
Nolasco, Ricky,445060,2016,.262,.432,.005,.003,88.7,11.6,6.1,7.1,41.5,20.7,46.5,44.1,26,25.3,4.6,48.6,91,2041,19.9,44,79.7,2302,7.1,7.5,80,1386,12.5,
Kluber, Corey,446372,2016,.223,.361,-0.007,-0.004,86.7,12,4.7,7.5,42,28.1,48.5,45.7,20.7,27.1,6.5,52.8,93,2308,19.2,42.7,87,2622,12.5,4.6,85.8,1673,15.2,
Shields, James,448306,2016,.277,.479,.011,.048,88.7,12.8,5.9,6.2,40.4,22.2,44,41.7,25.2,27.2,5.9,62.2,89.7,2276,16.9,16.4,77.6,2531,10.1,21.4,84.3,1766,18.4,
Garcia, Jaime,448802,2016,.249,.397,.019,.051,88.7,4.5,4.4,7.9,43,21.1,45.8,58.4,15.2,23.1,3.2,63.5,91.1,2343,14.7,18.4,80.4,2806,13.5,18,82.8,2019,15.7,
Volquez, Edinson,450172,2016,.274,.453,.012,-0.014,88.9,7.4,5.5,7,42.3,19.8,45.8,52.5,17.6,24.1,5.9,53,93.8,2308,21.2,24.8,80.5,2817,10.7,22.2,84,1200,14.2,
Weaver, Jered,450308,2016,.280,.493,.017,.024,88.2,21.1,6.1,8.2,43.8,18.5,45.8,29.6,28.5,29.6,12.3,44.4,83.5,2213,22,38.6,72.7,2457,9.7,16.9,74.9,1850,21.2,
Fister, Doug,450729,2016,.268,.428,.008,.021,87.5,10.7,8.1,5.4,44.4,15.6,40.5,46.6,23.2,24.2,5.9,78.9,86.8,1998,17.8,14.7,70.9,2060,14.3,6.4,79.5,1640,15.9,
Lester, Jon,452657,2016,.220,.340,-0.009,-0.006,87.4,11.6,4.6,6.2,42.6,23.8,47.1,47.5,19.4,25.9,7.2,82.5,91.7,2283,18.1,12.6,75,2532,11.7,4.9,85.4,1744,16.8,
Kennedy, Ian,453178,2016,.239,.432,-0.003,-0.019,89.3,19.3,7.4,6.7,45.1,23.3,47.3,34.2,30.6,24,11.2,66.2,92.8,2388,23.3,21.9,81,2308,11.9,11.8,84.5,1887,20.1,
Scherzer, Max,453286,2016,.197,.334,.002,.031,87.2,19.4,4.9,9.1,42,32.2,51.8,34.7,25,26.8,13.5,57.1,94.8,2548,22.2,30.9,84.6,2379,6.5,12,85.9,1514,18.1,
Arrieta, Jake,453562,2016,.226,.350,-0.032,-0.044,86.7,6.5,5,7.6,44,25,45.6,53.7,16.1,25,5.2,64.9,94.4,2307,21.5,30.3,86.3,2581,11.2,4.8,89.3,2070,19.4,
Price, David,456034,2016,.241,.400,.017,.020,87.8,11.5,3.3,7.4,45.3,24.8,51,44.9,24.5,23.4,7.2,68.6,92.1,2120,19.8,8.7,79.5,2203,7.7,22.7,85.1,1806,20.9,
Cueto, Johnny,456501,2016,.247,.373,-0.009,-0.023,87.8,10.6,5.1,7.8,43.2,21.6,48.2,52.2,16,25.1,6.7,61.9,91.2,2280,19,18.3,83.9,2280,7.4,19.9,83.3,1573,14.4,
Happ, J.A.,457918,2016,.256,.419,-0.025,-0.048,89.5,12.2,5.3,6.9,43.6,22.2,47,43.7,22.9,25.9,7.4,73.4,92.2,2348,21,20.3,83.2,2212,7.8,6.3,84.4,1934,22.4,
Tomlin, Josh,458708,2016,.278,.480,-0.009,.007,87.9,10.7,5.3,7.2,46.2,16.8,48.4,44.5,21.9,28.4,5.1,76.9,87.2,2508,16.2,14.9,75.6,2753,12.7,8.3,83.9,1735,16.8,
Gonzalez, Gio,461829,2016,.251,.406,.011,-0.002,88.7,9.1,6.3,6,44.8,23,44.2,49,18.6,27.9,4.4,63.6,91.4,2226,20.2,19.8,77.7,2842,16.1,16.5,84.4,1708,16.4,
Estrada, Marco,462136,2016,.221,.377,-0.018,-0.016,88.1,21.3,4.1,6.1,45,26.1,45.8,34.6,27.2,22.1,16.2,61.3,88.3,2413,23.8,10.1,76.6,2687,12.5,28.7,77.5,2142,24.1,
Nova, Ivan,467100,2016,.266,.445,.009,.020,90.7,5.2,6.7,5.8,42.7,20.3,49.5,55.4,17.1,24,3.5,64.6,93.2,2171,20,30.9,81.2,2282,6.7,4.6,86.9,2006,19.1,
Hellickson, Jeremy,476451,2016,.263,.437,-0.020,-0.019,87.6,14.7,4.4,5.7,43,23.9,48,43.4,17.1,30.9,8.6,49,90.6,2091,22.8,24.8,80.7,2736,15.1,26.1,81.1,1791,18.3,
Miley, Wade,489119,2016,.277,.462,.011,.005,89,9.1,6.4,6.6,44.3,20.6,46.7,48.6,18.7,27.9,4.8,49.8,90.9,2160,20.7,32.3,82.1,2329,7.7,17.9,83.1,1933,19.9,
Quintana, Jose,500779,2016,.246,.374,.000,.019,88.2,16.3,7.1,7.7,44.3,18.6,45.8,40.7,21.3,27.4,10.6,67.2,92.6,2042,19.5,25,78.1,2134,7.8,7.8,86.6,1322,17.5,
Pineda, Michael,501381,2016,.234,.409,.032,.053,89.8,9.5,6.1,6.5,43.2,31.1,48.8,46,24.1,26.2,3.7,51.6,94.7,2083,17.2,40,86.1,2004,4.8,8.4,89.1,1896,19.6,
Tillman, Chris,501957,2016,.255,.422,-0.011,-0.010,89.1,12.5,4.6,7.3,41.7,21.8,45.7,42.2,21.1,28.5,8.2,56.5,92.3,2303,21.8,28,81.6,2183,11.5,15.5,84.3,1651,19.4,
Archer, Chris,502042,2016,.229,.404,.009,-0.001,90.2,10.3,4.6,7.2,41.8,29.6,45.5,48.7,22.5,22.3,6.4,48.4,95,2190,21.4,40.6,88.8,2315,7.5,10.9,87.4,1810,15.7,
Samardzija, Jeff,502188,2016,.249,.416,.000,-0.004,88.7,10.9,6.6,7.5,44.6,20.5,48.6,47.4,21.7,25.4,5.4,67.3,94.4,2451,18.3,25,84.9,2387,7.7,7.7,86.3,1595,16.9,
Leake, Mike,502190,2016,.280,.449,.008,-0.012,89,6.3,4.7,6.1,43.6,15.9,47.9,55.1,18,23.9,3,76.5,90.8,2121,13.5,14.9,80.5,2525,10.4,8.7,85.4,1838,16.1,
Santiago, Hector,502327,2016,.255,.485,-0.010,-0.036,89.7,20.1,8.3,8.6,42.2,19.8,46.2,35.5,30.3,20.5,13.6,69.7,91.5,2242,22.7,9,77.2,2140,8.2,21.3,83.4,2004,21.9,
Bettis, Chad,518452,2016,.272,.429,.006,.010,88.7,6.9,5.2,6.1,42.8,21.2,45.1,53.9,16.9,25.6,3.6,58.6,92.1,1945,14.9,29.7,82.3,2142,8.5,11.7,86.6,1521,11.8,
Bumgarner, Madison,518516,2016,.215,.372,-0.002,-0.018,88.5,15.6,5.3,7.1,44,25.7,48.1,41.4,23.9,25.2,9.5,51.1,91.2,2303,19.9,45.3,83.2,2328,12,3.6,84.2,1720,17.2,
Duffy, Danny,518633,2016,.236,.424,.005,-0.005,89.5,15.8,6.3,9,41.5,27.2,51.5,37.4,32.2,23.1,7.3,59.5,95.4,2216,22.8,23.2,84.1,2312,7.6,17.3,85.8,2512,21.6,
Moore, Matt,519043,2016,.241,.413,.004,-0.033,88.8,17.1,4.6,7.6,44.6,23.9,47,39.5,26.8,24.9,8.8,65.1,93.2,2279,22.9,22.1,81.9,2514,10.2,12.7,84.9,1564,18.9,
Nelson, Jimmy,519076,2016,.246,.394,.022,.036,88.7,9.1,4.3,8.6,41.7,18.6,45,51.2,20.4,22.2,6.2,71,93.7,2220,18.5,28.2,85.9,2363,8.9,0.8,86.4,2004,17.1,
Pomeranz, Drew,519141,2016,.205,.349,.012,.019,88.1,11.6,5.3,8.2,42.6,25.5,46.2,48.6,24.6,20,6.9,51.2,90.5,2449,18.7,39.2,79.7,2160,14.3,9.6,87,2299,21.6,
Porcello, Rick,519144,2016,.244,.413,-0.014,-0.046,88.4,13.7,6.6,7.8,43.5,18.5,48.4,44.1,25.6,23,7.3,60.1,90.9,2395,20.2,26.5,79.6,2654,13.9,13.4,81.4,1688,17,
Sale, Chris,519242,2016,.235,.380,-0.008,-0.008,88.7,14.6,5.4,8.7,43.6,24.6,49.3,42.2,24.3,25.5,8,55.4,93.7,2235,20.4,25.2,79.1,2251,12,19.4,86.8,2137,20.3,
Perez, Martin,527048,2016,.288,.456,-0.018,-0.052,89.6,6.5,6.5,6.2,45.1,18.1,48.1,54.3,17.9,24,3.9,62.1,93.3,2063,21.3,20.9,82.9,2302,6.6,17,84.9,1707,19.6,
Teheran, Julio,527054,2016,.233,.405,-0.010,-0.029,88.8,16.2,4.8,7.5,43.4,24,48.6,41.2,25.5,25.3,7.9,55.6,91.5,2254,19.6,35.5,79.1,2373,7.2,9,82.9,1518,18.1,
Hendricks, Kyle,543294,2016,.212,.320,-0.005,-0.001,86.6,10.1,4.2,6.5,45.1,24.7,43.2,49.7,18.4,23.9,8,65.1,88.3,2018,17.3,7.8,76,2880,13.9,27.1,80.7,2113,14.9,
Koehler, Tom,543408,2016,.260,.417,.001,.004,87.8,12,3.5,7.1,39.7,23.2,44.4,44.3,19.3,29.3,7.1,46.3,92.5,2093,21.4,47.1,82.8,2329,11.2,6.6,85.2,1614,17.9,
McHugh, Collin,543521,2016,.233,.371,.049,.085,87,14.3,4.7,7.2,41,23.8,47.6,42.9,24.9,24,8.2,64.9,89.2,2341,16,30,72.9,2619,18.5,5.1,84.1,1650,15.1,
Odorizzi, Jake,543606,2016,.250,.426,-0.009,-0.007,89.9,16.6,5.5,6.4,44.8,21.7,49,37.7,27.5,24.6,10.2,66.6,91.7,2256,22.6,13.6,79.8,2203,12.4,19.8,85.3,1514,17.1,
Roark, Tanner,543699,2016,.240,.378,-0.012,-0.051,87.4,8.7,4,6.7,42.2,21.7,43.8,50.9,18.6,25.1,5.4,62.3,92.7,2076,21.5,27.8,82.2,2555,9.6,9.8,84.4,1846,20.1,
Bauer, Trevor,545333,2016,.259,.407,-0.011,-0.014,89.6,9.9,4.8,7.9,40.9,22.5,44.2,49.1,16.7,28,6.2,68.1,92.8,2288,19.5,19.6,77.6,2513,16.8,12.3,87,1739,17.9,
Iwakuma, Hisashi,547874,2016,.275,.444,.007,.008,88.7,14.6,4.9,8.7,44.4,17.4,48.8,42.2,22.6,26,9.2,53.3,88.1,2129,18.1,27.5,78.4,2230,10.1,19.3,83.7,1541,15.3,
Tanaka, Masahiro,547888,2016,.250,.387,-0.014,-0.014,88.9,9,6,6.6,44,23.3,50.2,48.8,19,25.6,6.7,36.9,90.9,2096,19.8,33.2,83.1,2237,9.4,29.9,87.2,1594,15.3,
Ventura, Yordano,570649,2016,.265,.443,-0.002,-0.028,89.8,8.6,4.4,7.2,40.7,22,44.4,51.4,19.8,23.4,5.5,56.2,96.8,2122,22,25.3,83.6,2626,8.9,18.5,86.7,1500,16.4,
Fiers, Mike,571666,2016,.274,.448,.006,.026,89.8,12.1,5.5,7.7,41.2,21.5,45.9,44,20.5,28.8,6.7,54.2,89.4,2215,21.2,26.3,76.5,2581,17.2,19.5,83.1,1765,15.7,
Keuchel, Dallas,572971,2016,.255,.395,.004,.029,88.4,3.8,4.5,6,45.4,22.9,44.1,57.8,16.8,21.5,3.9,64.5,88.5,2099,15.7,26.2,78.5,2201,11.6,9.3,80,1598,18,
Straily, Dan,573185,2016,.241,.420,-0.021,-0.011,88.8,18.8,6.2,7.8,41.8,23.2,47.4,33.5,27.1,30.2,9.2,51.2,89.8,2205,21,30.8,82,2322,7.8,18,82.9,1314,13.8,
Stroman, Marcus,573186,2016,.257,.387,.007,.020,90.4,0.5,5.7,7.6,44,21.3,47.3,61.6,13.2,22.2,3,75.4,92.3,2306,12.5,19.4,83.9,2654,10.3,5.2,85.1,1444,17.3,
Gausman, Kevin,592332,2016,.250,.419,.012,.011,88.6,12.6,3.4,7.4,44.6,25.4,48.4,45.8,19.4,25.6,9.2,66,95.3,2303,23.3,13.2,80.3,2266,4.1,20.8,85.1,1585,17.8,
Gray, Jon,592351,2016,.236,.380,.007,.006,88.2,12.4,5.1,7.8,42.6,26.5,49,44.8,16.5,30.5,8.1,55.3,95.8,2183,19.9,37.3,85.9,2440,9.8,7.4,85.9,1683,17.2,
Ray, Robbie,592662,2016,.245,.406,.022,.025,89.9,12.4,6.4,6.6,44.6,26.6,46.6,46.8,18.9,28.3,6,71.1,94.8,2274,22.6,22.6,84.8,2152,7,6.3,87.2,1918,18.1,
Sanchez, Aaron,592717,2016,.251,.400,-0.027,-0.065,90,4.5,5.7,7.9,42.8,20.9,43.5,55.3,17.5,22.6,4.6,75,95.4,2270,21.8,16.2,78.6,2844,17.5,8.8,88.8,2051,21.3,
Smyly, Drew,592767,2016,.233,.406,.026,.050,87.8,21.4,5.4,7.7,42.2,24.7,47.5,32.9,32.7,21.5,12.9,71.5,89.6,2170,22.7,22.8,76.2,1762,8.5,5.7,80.3,1477,20.6,
Syndergaard, Noah,592789,2016,.220,.324,.023,.027,87.6,6.4,6,6.8,45.6,30.3,50.4,52.2,15.6,27.2,5,59.2,98.6,2183,21.3,29.7,89,2112,7.6,11.1,90.3,1765,19.5,
Martinez, Carlos,593372,2016,.225,.329,.008,.004,87.2,5.8,4.2,8.9,42,22.7,47.1,57.9,17.7,20,4.3,57.3,96.4,2085,19.4,23.4,85.4,2146,8.2,19.3,87.6,2009,18,
Eickhoff, Jerad,595191,2016,.236,.387,.015,.059,88.6,15.4,6.1,6.8,42.7,21.5,45.7,42.8,22.7,25.9,8.6,52.8,91.6,2209,21.5,42.1,78.5,2433,10.5,5.1,84.6,1806,20.7,
Davies, Zach,605200,2016,.242,.376,.021,.042,87.6,11.4,3.2,4.9,46.3,19.9,44.6,47.3,18.7,27.2,6.8,68.5,89.1,2106,19.1,10.9,72.8,2544,16.6,20.6,79.1,1742,18.7,
Fernandez, Jose,605228,2016,.220,.328,.004,.008,89.2,11.6,5,7.5,43.1,32.7,46,44.4,16.5,32.2,6.9,53.8,95.8,2431,21.3,33.8,84.3,2379,10.7,12.4,88.8,1552,18.3,
Finnegan, Brandon,605232,2016,.258,.444,-0.022,-0.023,88.3,13.9,5.4,7.2,44.3,22.5,45.5,40.9,21.6,31.3,6.2,65.2,92.3,2187,19.6,23.4,84,2142,6.6,11.4,85.5,1646,17.3,
Rodon, Carlos,607074,2016,.245,.379,.028,.051,88.9,13.1,5.6,7.6,41.5,23.5,46.3,44,22.4,27.4,6.2,64,94,2178,19.2,25.5,87.2,2315,9.7,10.5,84.1,1610,15.9,
Graveman, Kendall,608665,2016,.291,.462,-0.020,-0.047,89.6,6,6.3,7.5,43,18.1,44.7,53.1,17.7,25,4.2,86,92.1,2301,16.7,6.5,80.2,2320,10.8,7.5,85.6,1700,14.9,
Maeda, Kenta,628317,2016,.224,.358,.005,.001,85.7,12.7,3.5,7.1,41.9,27.4,45.8,44.9,20,27.1,7.9,42.9,90.6,2302,20.9,47.4,78.6,2454,12.3,9.6,83.1,1740,19,
Wainwright, Adam,425794,2019,.265,.429,.008,.011,88.9,10.2,5,7.8,41.5,19,42.4,49.4,20,25,5.6,61.1,88,2238,12.9,36.8,74.9,2752,22.1,2,83.9,1769,16.9,
Greinke, Zack,425844,2019,.239,.390,-0.011,-0.026,87.5,11,6.1,6,43.8,24.1,46.7,46.3,20.7,26.1,6.8,46.7,89.9,2318,16.9,31,77.4,2481,12.3,22.3,87.3,1779,13.2,
Verlander, Justin,434378,2019,.186,.347,-0.014,.014,87.3,18.4,6.4,7.7,43.6,33.6,51.9,36.1,30.5,22.9,10.4,49.9,94.6,2577,23,45.9,84.5,2690,10.4,4.2,86.9,1866,19.5,
Sanchez, Anibal,434671,2019,.251,.422,-0.015,-0.016,87,14.7,5.8,6.3,42.4,22.3,48.4,39.1,26.6,27.1,7.2,63.3,89.3,2251,16.1,8.7,78.9,2180,5.8,28,82.1,1670,15.9,
Morton, Charlie,450203,2019,.216,.337,-0.001,.003,86.9,9.2,6.2,8,41.7,29.6,47.4,48.2,20,25.4,6.4,59.4,92.8,2237,16.7,37.3,78.6,2886,20.9,3.3,84.9,2124,20.4,
Lester, Jon,452657,2019,.274,.456,.020,.014,88.6,12.2,5.7,5.1,43.2,21,45.7,43.9,20.7,29.9,5.5,72.7,89.1,2302,14,15.4,74.5,2606,12.6,11.9,84.3,1939,15.3,
Scherzer, Max,453286,2019,.203,.336,.019,.035,87.6,13.5,5.9,7.9,41.1,33.8,52.5,41.3,24.9,26.7,7.1,56.2,94.2,2470,17.4,29.4,83.5,2472,6.8,14.5,84.3,1551,16.1,
Bailey, Homer,456701,2019,.263,.420,-0.007,-0.017,90.4,14,6.1,7.6,42.1,24.1,48.5,45.3,22.4,25.1,7.1,50.5,93,2091,17.1,23.5,83.9,1872,9.1,26,84.2,1122,9.2,
Lynn, Lance,458681,2019,.222,.372,.021,.018,87.9,13.8,6.2,8.1,41.7,28.5,49,40.7,23.8,27.9,7.5,87.5,93.2,2467,14.1,9.5,81.2,2352,12.6,3,86.9,1811,14.4,
Nova, Ivan,467100,2019,.294,.475,.009,.008,88.8,11,5,6.6,43.2,18.4,48.9,46.6,19.4,27.6,6.5,67.4,91.3,2181,16.4,16.8,79.9,2257,7.3,15.8,86.2,2000,18.2,
Anderson, Brett,474463,2019,.283,.480,-0.018,-0.072,89.6,5,5.2,8.2,42.6,17,47.5,55.5,16.3,23.7,4.5,62.4,90.3,1867,15.9,24.1,80.5,2386,11.5,13.4,82.6,1481,15.9,
Kershaw, Clayton,477132,2019,.230,.393,-0.008,.001,88.7,11.8,4.2,7.4,43.3,27.4,51.3,49.2,20.3,21.8,8.7,43.9,90.3,2477,19.3,55.5,82.9,2606,11.8,0.6,85.2,2210,21.5,
Miley, Wade,489119,2019,.247,.388,.007,.018,87.5,8.3,4.3,4.6,44.4,22.8,44.6,50.3,22,23.4,4.3,69.1,88.3,2229,11.9,10.3,76.1,2425,13.8,20.7,81.2,1869,18.5,
Quintana, Jose,500779,2019,.273,.434,.009,.006,90,11.1,7.2,6.3,42.5,20.9,44.3,45.4,19.7,29.2,5.7,61.8,91.4,2000,17.3,27.2,77,2215,12,11,86.5,1287,13.4,
Minor, Mike,501985,2019,.228,.389,.016,.006,86.9,16.5,5.4,7,43.9,26.2,47.8,41.3,26.2,21.8,10.7,44.6,92.5,2650,16.2,30.8,84.3,2660,9,24.6,86.2,2287,21.2,
Samardzija, Jeff,502188,2019,.253,.467,-0.028,-0.056,89.5,16.9,6.8,7.4,42.4,19.9,48.3,37.4,29.5,25.3,7.7,71.8,90.8,2559,16.4,20.5,83.6,2455,8.4,7.7,82.3,1451,13.3,
Leake, Mike,502190,2019,.294,.519,-0.008,-0.013,90.7,11.6,6.1,7.8,45.1,18,50.4,47.2,23.2,23.7,5.8,58.8,87.6,2131,9.9,20.5,79.9,2533,11.9,20.7,84,1719,12.9,
Darvish, Yu,506433,2019,.223,.398,-0.010,.013,88.6,12.6,6.4,7.1,43.5,29.8,48.3,46,23.9,23.9,6.2,75.1,90.5,2533,11.8,20.7,80.7,2690,17.1,4.2,88.1,1426,9.3,
Bumgarner, Madison,518516,2019,.255,.461,-0.010,-0.035,90.4,18.3,5.3,7.3,43.9,24.6,50.7,37.1,29.1,26.2,7.7,76.3,89.6,2441,13.9,18.3,78.8,2645,12.8,5.4,84.2,1641,15.9,
Kelly, Merrill,518876,2019,.272,.495,-0.012,-0.048,89.9,12.4,5.6,7.5,44.5,22.3,47.2,43.2,25.8,25.3,5.7,65.2,91.3,2403,14.8,21.3,80.6,2683,15.9,13.4,86,2109,18.5,
Porcello, Rick,519144,2019,.261,.478,.017,.005,88.4,15.7,6.6,8.2,44.6,17.9,49.4,38.7,25.8,25.8,9.6,57,90.4,2370,18.3,31.1,80.5,2660,10.6,11.9,80.8,1600,16.2,
Perez, Martin,527048,2019,.245,.385,.034,.054,86.2,9.5,5.3,6.1,44.9,21.5,49,49.4,19.7,25.2,5.6,73.1,91.7,2178,14.3,4.7,79.2,2637,8.5,22.2,85.3,1795,18,
Teheran, Julio,527054,2019,.240,.416,-0.011,-0.027,89,15.5,4.5,6.4,41.3,22.2,45.3,40.3,28.1,24.5,7.1,64.4,89.6,2352,14.7,27.4,80.4,2643,7.4,8.2,83.6,1704,16.8,
Cole, Gerrit,543037,2019,.181,.315,.005,.028,87.6,14,8.9,9.1,43.6,37.2,49.9,40.7,26.8,24.3,8.2,54,97.1,2529,21.7,38.6,86.6,2736,11.2,7.4,88.6,1870,19.5,
DeSclafani, Anthony,543101,2019,.233,.401,.005,.021,89.1,12.3,6.7,7.9,42.1,23.5,48.1,43.7,26.1,22.9,7.4,55.3,94.7,2196,18.8,39.4,87.1,2217,8.1,5.4,88.5,1535,15.2,
Gray, Sonny,543243,2019,.209,.351,-0.013,-0.026,88.1,9.1,4.7,6.6,39.7,28.1,42.2,52.6,20.3,21.3,5.8,48.7,93.2,2493,15.3,46.5,83.1,2934,18.5,4.7,89.7,2047,16.3,
Hendricks, Kyle,543294,2019,.248,.393,.001,.004,86.5,14.2,5.2,6.8,47.7,22,49.3,43.7,22.7,25.1,8.6,62.2,86.9,1987,16.3,9.8,71.4,2784,19.6,28.1,78.6,2115,17.3,
Roark, Tanner,543699,2019,.270,.466,.005,.001,89,15.5,5.4,6.6,42.6,20.8,45.9,36.7,25.3,30.3,7.8,55.5,92,2113,19,34.6,82.4,2436,11.8,9.8,84.1,1701,17.3,
Strasburg, Stephen,544931,2019,.211,.337,-0.001,.012,87.9,7.8,5.2,6.4,42.8,30.5,47.7,51.7,19.1,23.9,5.3,48.3,93.8,2152,18.2,31,81.3,2767,15.2,20.7,87.7,1679,15.9,
Bauer, Trevor,545333,2019,.224,.403,.006,.026,88.7,16.4,5.9,6.8,39.9,29.3,45.3,38.8,28.2,23.7,9.3,58.7,91.8,2457,16,33.6,79.3,2626,20,7.7,86,1707,18.2,
Tanaka, Masahiro,547888,2019,.260,.430,.001,.020,89,11,7.2,4.7,46.7,23.2,50.4,48.2,21.3,22.9,7.6,33.7,91.1,2108,18.3,39.6,82.7,2390,8,26.7,86.8,1589,14,
Ryu, Hyun Jin,547943,2019,.249,.370,-0.015,-0.011,86.6,7.2,5.5,5.8,44.3,24.7,49.7,52.4,16,27.1,4.5,60,89.4,2064,14.1,12.5,72.8,2568,18.5,27.5,80,1487,13.9,
Wheeler, Zack,554430,2019,.246,.393,.012,-0.002,87,12.3,6,7.7,45.3,23,50.9,44.7,22.6,25.7,7.1,59,96.7,2299,18.9,29.8,87.6,2473,9.5,11.2,88.9,1736,15.9,
Boyd, Matthew,571510,2019,.222,.410,.025,.055,89.2,19.5,4.5,7.5,42.9,31.1,49.8,36,27.3,24.6,12,53.9,92,2381,18.2,40.1,78.9,2363,6.5,6,79.1,1956,16.3,
Corbin, Patrick,571578,2019,.228,.414,-0.001,-0.039,89.9,8.4,5.9,5.5,42,31.5,47.4,50.8,21.9,23.5,3.8,53.7,91.8,2227,18.2,40.6,80.5,2363,4.3,5.7,81.8,1646,15.1,
Fiers, Mike,571666,2019,.256,.456,-0.013,-0.048,88,15.6,4.4,7.9,43.1,18.2,47.3,40.3,24.9,24.7,10.1,52.2,90.3,2301,20.9,35.3,80,2635,16.1,12.5,84.1,1938,18.1,
Mikolas, Miles,571945,2019,.279,.454,-0.007,-0.005,88.5,10.3,5,7.4,43.7,21.5,49.3,48.8,21.4,25,4.9,51.4,93.6,2268,17.1,44.8,82.9,2455,11.1,3.8,87.7,1667,15.8,
Stroman, Marcus,573186,2019,.242,.370,.015,.014,88.2,5.6,5.8,6.1,42.6,24.4,45.1,53.9,17.8,23.1,5.2,62.8,91.9,2452,10.9,31.8,85.4,2833,11.8,5.3,87,1929,15.8,
Ray, Robbie,592662,2019,.228,.429,.006,.012,88.9,14.8,5.9,6.2,42.5,32.6,45.4,40.8,24.4,27.7,7.1,52.7,92.4,2243,19.7,47.3,83.3,2110,5,,,,,
Syndergaard, Noah,592789,2019,.230,.365,.026,.045,86.8,9.8,4.9,6.4,46.8,26.8,50.8,48.5,20.8,23.6,7.1,59,97.6,2151,16.6,24.7,85.7,2219,7.7,16.3,91.1,1689,17.8,
Rodriguez, Eduardo,593958,2019,.223,.376,.030,.015,86.4,9.2,4.8,5.3,44.4,27.4,46.4,49.5,23.2,21.3,6,70.7,91.9,2192,15.1,5.4,83.2,2253,7.2,23.9,87.6,2049,18.6,
deGrom, Jacob,594798,2019,.199,.316,.008,.007,86.6,13.5,5,6.7,45.2,31.2,53.4,45.2,21.9,23.7,9.2,49.2,96.9,2387,17.5,35.3,91.8,2461,7.6,15.6,90.2,1698,14.5,
Gonzales, Marco,594835,2019,.254,.407,.010,.015,88.3,14.7,7.2,7.4,47,18,47.7,41.9,23.7,25.3,9.1,60.1,87.6,2250,16.7,15.9,76.3,2346,14.8,24.1,81.2,2171,19.7,
Junis, Jakob,596001,2019,.270,.480,.006,-0.012,90.1,12.7,5.6,7.9,42,22.6,45.3,43.2,26.4,24.6,5.8,50.9,91.5,2026,15.6,43.7,81.4,2490,15.3,5.4,84.6,1336,7.5,
Musgrove, Joe,605397,2019,.250,.424,.004,.013,88.9,11.7,6.6,8,45.3,24.5,51.9,44.9,24.6,24.2,6.3,57.9,91.9,2404,12.8,31.6,82.9,2519,12.1,10.6,85.3,2001,9.2,
Nola, Aaron,605400,2019,.235,.395,-0.002,-0.002,89.2,9.2,6.8,5.8,44.6,26.5,44.6,50.9,20.7,23.5,4.9,46.2,92.8,2162,18.5,35.2,79.1,2574,18.4,18.6,85.8,1570,15.6,
Fried, Max,608331,2019,.248,.384,.022,.035,89.2,4.3,5.3,7.5,41.6,25.7,47.4,54.6,16.6,26.1,2.7,57,93.8,2072,12.9,40.7,78.1,2737,18,2.4,84.8,1514,13.4,
Giolito, Lucas,608337,2019,.215,.370,-0.010,.003,88.1,17.7,3.4,9.1,43.6,32.4,49.6,36.3,23.8,28.1,11.8,55,94.2,2333,19.8,18.8,83.4,2140,9,26.2,81.7,1563,16.3,
Marquez, German,608566,2019,.271,.461,-0.012,-0.020,91.1,7.2,5.1,8.8,41.3,26.5,49.5,50.2,20.2,27.1,2.6,52.4,95.4,2207,15.6,44.6,86.1,2540,4.8,3,87.8,1969,17.5,
Eflin, Zach,621107,2019,.244,.416,.024,.036,88.3,12.6,4.4,6,45.1,20.2,47.8,46,23.2,23.9,6.9,55.8,93.5,2150,16.8,36.3,85.8,2271,8.6,7.9,86.7,1785,16.3,
Buehler, Walker,621111,2019,.228,.369,-0.005,-0.001,89.3,12.8,7.9,7.9,43.1,26.7,50.3,43.1,25.1,27,4.8,73.3,95.9,2491,17.1,26.2,84,2891,15.1,0.5,91.6,1516,14.5,
Berrios, Jose,621244,2019,.245,.416,.006,-0.012,87,13.9,4.9,7.7,44.6,23.3,49.1,42.9,25.2,24,7.8,55.7,92.7,2156,18,28.3,81.4,2338,17.4,16,82.5,1705,15.1,
Castillo, Luis,622491,2019,.205,.328,-0.003,.015,87.2,5.8,3.8,5.3,42.7,35.5,47.3,56.5,19.8,19.4,4.3,50.6,96.4,2130,18.7,16.9,85.9,2330,2.1,32.5,87.2,1972,17.3,
Lopez, Reynaldo,625643,2019,.259,.470,.019,.021,88.8,17.7,7.8,7.9,43.6,24.7,48.7,34.9,25.7,28.2,11.1,58.5,95.4,2137,18.3,26.6,82.5,2109,5.4,14.8,84,1610,16.3,
Hudson, Dakota,641712,2019,.263,.423,-0.018,-0.020,89.3,3.3,5.9,7.1,41.1,23.6,44.2,57.4,13.9,24.9,3.8,61.7,93.6,2141,14.4,35.6,85.9,2364,6,2.6,88.1,1459,14.1,
Keller, Brad,641745,2019,.257,.415,-0.010,-0.034,89.1,9.1,6.7,8,41,19.7,46,50.8,17.1,26,6.1,67.2,93.3,2221,14.5,31.4,84.9,2510,8.9,1.4,87.8,1698,10.3,
Alcantara, Sandy,645261,2019,.244,.425,-0.003,-0.028,87.3,11.8,6.5,7.7,43.7,23.5,49.6,45.5,24.1,22.7,7.7,57.8,95.5,2374,18.4,30.1,84.8,2479,6.1,12.1,89.1,1923,17,
Soroka, Mike,647336,2019,.258,.392,-0.022,-0.052,88.2,6.7,4.9,6.6,42.3,22.5,48.8,52.9,15.3,25.9,5.9,63.4,92.4,2231,17,24.3,83.2,2776,7.8,12.4,81.2,2178,19.1,
Flaherty, Jack,656427,2019,.211,.356,-0.019,-0.021,86.5,15.2,5.8,6.7,44.2,30.7,48,40.7,23,24.6,11.7,58.5,93.8,2183,15,39.4,82.8,2426,11.1,2,86.2,1704,13.7,
Lucchesi, Joey,664192,2019,.228,.394,.005,.011,88.3,11.4,6.4,6,42,25.3,45.3,48.7,25.3,20,6,64.9,90.2,2219,17.2,35.1,78.9,2091,3,,,,,
Bieber, Shane,669456,2019,.236,.421,-0.006,-0.028,90.6,12.6,6,6.3,42.5,30.6,47.8,44.8,21.7,26.5,7,45.8,93.1,2254,19.7,47,84,2341,7.2,7.3,87.6,1725,17.5,
Colon, Bartolo,112526,2015,.269,.428,.012,.009,88.9,11.8,5.1,9.4,42.1,14.4,48.6,44.1,23.2,27,5.7,82.6,88.9,2161,19.7,10,82.8,2164,7,7.4,82.6,1727,18.6,
Burnett, A.J.,150359,2015,.261,.406,.014,-0.025,89.8,5.6,4.8,8,41.9,21.1,45.1,55,14.1,26.8,4,61.8,91.6,2009,17.6,29.4,82.3,2023,8.6,8.8,86.3,1678,14.4,
Buehrle, Mark,279824,2015,.285,.457,-0.006,-0.017,87,11.7,6.5,5.7,46.7,11.7,48.1,47.7,20.7,24.7,6.9,70.3,82.9,1996,13.8,8.6,71.7,2137,10.7,21.1,78.7,1625,15.9,
Sabathia, CC,282332,2015,.253,.378,.032,.080,87.8,10.7,5.4,5.9,46.2,21.4,46.2,48.2,20.5,25.3,6,63.6,90.2,2075,19,22.5,79.6,1823,12,14,83.9,1950,15.6,
Dickey, R.A.,285079,2015,.254,.398,-0.010,.007,87.4,12.5,5.4,8.1,45.7,19.5,49.4,43.1,22,26.2,8.6,11.3,82.3,1810,19.2,88.7,76.7,1359,10.2,,,,,
Lackey, John,407793,2015,.244,.382,.012,-0.006,88.3,11.6,3.2,8.8,41.4,20.1,50.7,48,18.8,25.6,7.5,87.7,90.3,2137,15.8,9.6,78.6,2082,7.5,2.7,84.3,1956,20.2,
Lewis, Colby,407890,2015,.267,.447,-0.001,-0.017,89.4,18.2,6.3,7.3,42.5,19.6,46.8,35.2,26.1,30.3,8.4,50.1,88.5,2272,23,43.1,82,2078,9,6.8,83.8,1961,21.4,
Harang, Aaron,421685,2015,.268,.467,.010,.003,90.2,16.6,6.3,6.4,46,16.9,48.1,38.6,23.5,28.6,9.3,67.9,89.8,2301,23.1,21.9,80.1,2005,6.1,10.2,84.1,1640,19.2,
Greinke, Zack,425844,2015,.212,.318,-0.025,-0.042,87.3,9.8,3.2,6.1,43.5,26.8,48.1,49.2,16.7,27.1,7,53.7,92.3,2367,19.1,28.1,83.2,2371,9.4,18.2,88.7,1741,14.1,
Haren, Dan,429717,2015,.249,.424,-0.004,.020,88.2,20.8,5.9,7,44.1,15.4,45.1,32.7,26.8,27.5,13.1,82.3,85.2,2162,18,14.2,76.8,2212,7.6,3.5,81.7,1383,14.5,
Simon, Alfredo,430580,2015,.273,.457,.003,.009,89.7,12.6,7.3,7.2,43.6,18.6,46.8,45.8,20.7,25.5,8,56.4,92.7,2120,19.6,8.9,77.4,2169,10.1,34.6,85.2,1566,16.4,
Hamels, Cole,430935,2015,.231,.352,.006,.017,87.7,9.7,5.7,6.9,43.6,28.1,50.6,49.6,16,28.2,6.2,64.4,92.3,2082,19.3,12.1,78.8,2235,12.6,23.5,84.9,1722,18.9,
Kazmir, Scott,431148,2015,.247,.396,-0.010,-0.022,87.4,12.5,5.2,7.3,42.4,23.1,48.5,44.8,20.7,26.5,8,70.5,91.1,2189,21.7,11.5,79.7,1869,5.4,18,76.4,1388,17.9,
Danks, John,433579,2015,.249,.402,.032,.064,87.3,16,6,6.6,43.4,19.9,48.1,39.7,25,25.8,9.6,58.4,89.2,2345,22,12.5,76.3,1783,7,29.1,81.5,1786,20.1,
Hernandez, Felix,433587,2015,.234,.352,.006,.029,88.7,5.5,4.8,5.9,42,24.6,47,57.7,15.5,22.6,4.2,46.7,92.2,1923,16.8,28,81.6,2356,13.6,25.4,88.5,1779,13.3,
Liriano, Francisco,434538,2015,.228,.343,-0.005,-0.011,85.8,6.5,4.1,4.5,43.6,32.9,44.9,53.8,15.2,26.4,4.7,46.9,93,2027,18.9,32.7,85.5,2055,6.5,20.4,85,1784,17.3,
Jimenez, Ubaldo,434622,2015,.242,.362,.015,.035,87.8,10,5,7,44.9,21.2,41.9,50.4,17.6,25.7,6.3,63.7,91,2060,21.6,19.6,81.8,2282,12.1,16.8,84.7,1440,15.7,
Hammel, Jason,434628,2015,.254,.422,-0.012,.003,88.8,13.3,5.9,7.1,42.1,24.7,48.2,41.1,23.2,29.9,5.9,53.6,92.8,2147,21.6,41.9,83.8,2072,6.7,4.5,85.6,1715,19.2,
Kluber, Corey,446372,2015,.228,.367,.003,.004,87.9,11.5,6,7,45.3,26.9,51.1,44.3,22.7,27.2,5.8,52.9,93.4,2253,19.2,42.3,86.9,2438,11.4,4.8,85.6,1743,15.7,
Shields, James,448306,2015,.232,.381,.016,.069,89.1,10.9,4,5.1,40.8,28.5,45.8,46.6,21.5,26.7,5.2,59.7,90,2258,16.8,19,78.7,2442,10.7,21.3,84.9,1737,17.3,
Volquez, Edinson,450172,2015,.260,.412,-0.009,-0.040,88.5,10.3,5.2,7.7,43.4,22.3,45.7,47.3,24.2,23.9,4.6,51.1,94.3,2308,22.6,23.9,81,2631,9.8,25,85.2,1281,15.1,
Gallardo, Yovani,451596,2015,.272,.389,-0.004,.010,88.2,8.9,5,6,43.7,16.9,42.2,51.1,15.4,28.7,4.8,50.5,91.1,2085,20.9,43.6,85.5,2225,11.6,5.9,85.7,1889,20.4,
Lester, Jon,452657,2015,.225,.343,.015,.030,87.1,9.5,3.5,5.9,41.8,24.2,45.9,50.5,17,25.6,6.9,79.9,91.2,2213,16.5,15.4,75.5,2360,11.9,4.7,85.1,1653,16,
Kennedy, Ian,453178,2015,.251,.440,.007,.057,89.5,14.7,7.1,6.1,44.9,24.9,46.9,41.3,21.3,30,7.5,62.3,91.9,2359,22.7,23.2,80.4,2264,12.4,14.5,83.9,1880,18.8,
Scherzer, Max,453286,2015,.202,.340,.006,.018,87.1,17.1,5.7,9.1,41.3,30.7,55.2,38.4,23.5,26.7,11.5,60.9,94.7,2493,21.7,25.9,84.5,2209,5.5,13.1,85.4,1474,17.6,
Arrieta, Jake,453562,2015,.202,.281,-0.017,-0.010,85.1,4.4,3.6,7.8,42.5,25,47.4,57.6,14,24.5,4,51.2,95.2,2273,21,44.2,87.5,2411,11,4.6,89.5,1944,19.6,
Price, David,456034,2015,.230,.355,.000,-0.005,87.4,12.7,5.9,8.8,43.8,25.4,51,42.1,22.8,28.2,6.9,69.3,93.7,2216,20,8.1,80.2,2045,11.9,22.6,85.8,1975,20.4,
Cueto, Johnny,456501,2015,.243,.389,-0.001,-0.002,86.7,13.2,5,7,43,21.8,49.9,43.9,20.9,27.2,8,72.7,91.8,2264,18.8,10.6,83.4,2098,6.6,16.6,84,1558,14.3,
Happ, J.A.,457918,2015,.254,.387,.005,.004,89.4,12.9,5.8,6.7,43,19.8,45.8,43.5,22,27.2,7.3,67,92.4,2339,20,24,82.3,2166,7.7,9,85.6,1829,19.5,
Lynn, Lance,458681,2015,.235,.372,.023,.006,88.9,11.9,5.3,6,40.5,21,46.9,46.2,21.5,24.7,7.6,84.7,92.4,2349,18.6,12.7,83.7,2201,9.7,2.6,84.9,1903,17.5,
Pelfrey, Mike,460059,2015,.294,.433,.010,-0.020,88.3,7,3.9,6.4,43.3,13.9,45.4,52.7,18.2,24.5,4.6,73.3,93.9,1909,19,12.6,81.4,1852,8.2,14.2,81.3,784,10.2,
Gonzalez, Gio,461829,2015,.240,.368,.029,.006,88.1,6.4,5.6,5.9,43.6,23.1,44.9,55.2,14.7,26.4,3.7,65.7,92.6,2204,20.7,18.2,78.7,2814,16.9,16.1,84.5,1672,16.7,
Estrada, Marco,462136,2015,.218,.373,-0.015,-0.009,87.8,20.4,5.6,7.3,43.9,21.8,49.6,34,29.6,22,14.4,60.9,89.7,2352,24,11,77.8,2580,13,28,79.1,2091,23.2,
Carrasco, Carlos,471911,2015,.213,.330,.015,.039,88.7,6.9,5.4,6.3,44.3,28.5,52,52.6,18.2,24.2,4.9,55.5,95.2,2231,20.5,23.4,86.8,2284,7.5,21.1,89,1734,12.6,
Anderson, Brett,474463,2015,.242,.370,.036,.032,88.3,-2.1,6.1,7.4,44,17.3,46,67.4,10.4,20.8,1.4,52.6,91.2,1806,16.2,37.9,80.6,2288,11.1,9.5,83.9,1544,15.6,
Ross, Tyson,475115,2015,.213,.304,.024,.026,87.4,1.9,4.2,6.9,42.3,30,43.2,62.2,11.6,22.7,3.5,53.2,93.5,2469,17.1,45,87.2,2427,5.7,1.8,89.4,2233,17.1,
Niese, Jonathon,477003,2015,.263,.396,.017,.028,88.4,5.2,4.6,6.8,45.1,14.4,45.2,57.5,17.5,22.4,2.5,69.3,89.1,2017,15.4,17.7,75.7,2163,8.5,13,83.3,1347,15.2,
Kershaw, Clayton,477132,2015,.191,.273,.003,.011,85.6,8.8,3.5,8.2,43.1,32.5,51.4,52.2,15.1,25.1,7.6,54.1,94.2,2216,21.6,45.7,82.8,2183,12.6,0.2,88.2,2001,20.2,
Cashner, Andrew,488768,2015,.244,.376,.035,.054,88.8,9.2,4.6,7.1,43.4,19.6,45.6,50.3,18.2,26.3,5.3,68,95.4,2176,20.9,22.7,85.5,2033,6.6,9.3,86.3,1639,17.6,
Miley, Wade,489119,2015,.252,.390,.013,.026,87.4,7.9,6,5.3,42.8,20.9,43.3,50.5,20.1,25.3,4.1,57.2,91.4,2175,22.1,23.5,82.3,2178,6.9,19.3,83.6,1956,21.3,
Quintana, Jose,500779,2015,.263,.396,.009,.012,88,9.7,5.2,7.7,40.5,21.7,46.5,47.7,16.9,29.2,6.2,59.4,92,2075,20.4,30.9,80.3,2040,6.3,9.7,86.3,1342,18.6,
Tillman, Chris,501957,2015,.257,.411,.010,.019,89.6,12.9,5.6,7.4,43.4,18.3,45.8,45.7,21.1,25,8.2,65,92,2260,23.2,21.4,79.3,2113,13.9,13.6,83.3,1593,19.5,
Archer, Chris,502042,2015,.223,.347,-0.003,-0.016,89.6,10.9,6.4,7.3,43.7,29.7,47.2,47.3,19.7,26,6.9,54,95.8,2187,22.8,39.3,88.4,1935,7.3,6.7,86.5,1914,18.4,
Gibson, Kyle,502043,2015,.252,.390,.000,-0.009,88.3,6.2,4.6,5.2,43.3,22.7,46.5,55.5,15.6,24.3,4.6,58.2,92.3,2147,20.3,22.7,84.8,2152,6.8,19.2,84.3,1695,17,
Locke, Jeff,502046,2015,.251,.368,.023,.030,87.4,6.1,4.3,6.1,44.4,21.7,45.3,53.1,15.4,27,4.4,61.4,91.9,2000,20,15.9,80,1750,9.8,22.7,81.7,1373,15.1,
Samardzija, Jeff,502188,2015,.263,.413,.010,.033,88.1,14.5,4.2,8.7,42.9,21.4,50.9,40.8,22.6,28.6,8,63.5,94.1,2461,20.1,26.5,85.7,2147,6.3,9.9,85.7,1326,17.7,
Leake, Mike,502190,2015,.274,.432,-0.031,-0.039,88.8,6.9,5.8,6.6,45.3,14.5,46.8,52.6,15.5,27.8,4.1,69.9,91.1,2108,13.3,22.8,80.9,2468,12.7,7.3,86.1,1683,17.6,
Santiago, Hector,502327,2015,.224,.408,.003,.008,88.9,22.5,7.3,8.1,43.2,21.4,44.1,30.8,31,25,13.3,72.2,90.2,2195,22,11.3,77.7,1900,6.6,16.5,83.5,1944,21,
Salazar, Danny,517593,2015,.234,.389,-0.008,-0.002,89.6,11.4,5.6,7.1,42.4,25.6,50.1,45.2,25.9,23.3,5.6,68.3,95.5,2335,22,13,84,2008,9.4,18.7,86.1,1274,13.1,
Bumgarner, Madison,518516,2015,.228,.357,-0.006,-0.008,87.5,12.5,4.6,7.4,42.8,26.8,50.5,42.8,19.2,29.7,8.3,49.5,92.7,2311,18.8,48.6,83.4,2227,9.9,2,85.5,1615,17.5,
Harvey, Matt,518774,2015,.207,.317,.015,.027,87.9,10.9,3.6,7.9,43.1,26.4,48.5,48.7,23.3,22.3,5.7,60.9,96.6,2333,21.6,26.9,87.5,2244,6.1,12.2,89,1947,19.9,
Heston, Chris,518790,2015,.249,.394,.004,.003,88.5,5.9,4.2,6.8,40.7,22.5,41.6,53.6,15.9,25.4,5.1,60.8,89.5,2064,18.6,27.1,75.8,2199,13.7,12.1,82.6,1932,16.5,
Nelson, Jimmy,519076,2015,.232,.362,.014,.020,86.9,7.2,5.7,7.3,45.1,22.3,47.3,51.7,16,27.2,5.1,60.4,94.1,2175,19.3,38.4,85.4,1990,9.3,1.2,86,2107,19.8,
Porcello, Rick,519144,2015,.266,.430,.021,.025,88.9,9.2,5.7,6.8,46.4,20.9,46.9,47,21.1,27.6,4.3,65.2,91.6,2437,20.5,24,80.4,2593,14.7,10.8,82.8,1692,18.2,
Sale, Chris,519242,2015,.209,.321,.024,.047,85.9,12.9,6.3,7.5,43.4,32.7,49.4,42.9,22.5,27.8,6.9,52.4,95.2,2280,21.7,19.7,79.4,2204,11.8,27.9,86.3,2100,21.2,
Zimmermann, Jordan,519455,2015,.257,.407,.007,-0.013,87.4,12.5,5.5,9.6,42.8,19.1,50,43.7,17.4,30.3,8.5,62.2,93.6,2328,19.1,37.4,85.3,2275,8.6,0.4,88.7,2164,19.5,
De La Rosa, Rubby,523989,2015,.248,.398,.017,.059,88.5,9.4,3,6.7,44.8,24.5,48.9,50.8,18.8,25.3,5.1,60.6,94.8,2263,20,18.3,85.6,1905,5.7,21.1,87,2060,17.4,
Teheran, Julio,527054,2015,.265,.422,-0.012,-0.010,89.1,13.9,7.5,6.8,41.5,25.8,45.9,41.5,21.4,29,8.1,61.4,91.8,2197,19.4,30.4,79,1941,6.6,8.2,83.3,1507,17.7,
Ramirez, Erasmo,541640,2015,.251,.383,-0.015,-0.020,88.5,10.2,4.3,7.5,44.1,23.8,49.8,49.4,18.2,25.1,7.3,55.5,91.5,2219,21.2,21.4,83.2,2198,9.8,23.2,81.4,1677,16.3,
Cole, Gerrit,543037,2015,.241,.370,-0.002,-0.034,88.2,8.7,5.4,8.1,41.9,22.8,48.3,49,19.3,27.6,4.2,67,96.3,2154,20.5,29.3,86.2,2160,7.5,3.7,88.8,1708,18,
DeSclafani, Anthony,543101,2015,.251,.390,.022,.024,88.5,11.8,5.7,8.6,43,21.5,48.9,46.7,18.3,27.5,7.5,62.1,93.1,2070,20,30.7,85.8,2037,8.1,7.2,86.3,1630,17.5,
Gray, Sonny,543243,2015,.235,.363,-0.018,-0.047,88.9,7.7,4.8,7.8,42.6,22.5,46.8,52.9,16.6,23.8,6.7,62.8,93.5,2336,17.6,30.1,84.4,2426,12.5,7.1,88.1,1794,15.9,
Hendricks, Kyle,543294,2015,.245,.360,-0.001,.020,88,7.2,3.8,6.1,44.1,20.3,43.8,53.5,14.2,27.1,5.2,72.8,88.8,2095,17.2,7.3,78.3,2472,9.2,20,80.7,2119,15.2,
Koehler, Tom,543408,2015,.247,.409,.008,-0.001,89.7,11,5.9,7.4,41.6,18,44.4,48.6,21,24.5,5.9,57.8,92.7,2091,21.2,37.1,82,2292,12,5.1,85.1,1691,18.1,
McHugh, Collin,543521,2015,.233,.353,.030,.037,86.1,12.1,4.8,7.8,41,23.5,47.9,47.1,22.2,23.2,7.5,72.4,89,2259,15.4,23.5,73.3,2545,17.9,4.2,82.8,1620,16.7,
Odorizzi, Jake,543606,2015,.243,.418,-0.012,-0.022,88.5,14.8,7.4,6.8,42.6,23.2,48.9,40.1,23.4,27.7,8.8,63.2,90.9,2152,22.4,7,77.6,2051,12.7,29.8,85.6,1457,16.6,
Bauer, Trevor,545333,2015,.229,.376,.003,.018,88.1,15.9,6.1,7.4,42.9,22.6,45.3,40.6,24.1,25.9,9.4,66.6,92.1,2218,19,20.9,80.7,2349,11.3,12.5,85.8,1647,16.4,
Ventura, Yordano,570649,2015,.240,.382,.008,-0.004,89.1,5.4,6.2,8.3,39.8,24.3,45.5,52.8,18.1,26,3.2,61.4,96.7,2155,22.2,24,84.6,2550,8.2,14.6,87.9,1425,17.9,
Fiers, Mike,571666,2015,.230,.388,.008,.019,87.9,15.7,4.1,8,40.8,21.7,48,39.9,24.5,27,8.6,68.3,89.2,2184,21,16,72.9,2537,19.5,15.7,83.5,1792,18.2,
Miller, Shelby,571946,2015,.226,.338,.012,.017,87.1,10.3,3.3,8,44.2,21.1,49.4,49,20.7,22.1,8.2,87.9,93,2216,17.4,9.8,78.6,2178,12.4,2.3,87,1789,18.2,
Richards, Garrett,572070,2015,.226,.353,.010,.006,87.3,5.3,3.8,8.1,41.4,25.8,46.1,56.4,15.1,21.9,6.6,60.9,96.2,2486,14.7,39.1,86.7,2782,7.7,0,93.2,2416,20.8,
Keuchel, Dallas,572971,2015,.224,.319,-0.007,-0.005,85.7,1.1,2.6,5,41.8,25,44.5,62.1,9.8,23.8,4.2,67,89.6,2060,17.8,19.4,79.8,2022,9.5,13.6,79.6,1617,20.2,
Walker, Taijuan,592836,2015,.251,.428,.001,-0.013,89.4,13.9,5.6,7.5,43.8,23.3,47.8,40.6,21.2,29.6,8.6,74.3,94.3,2130,19.6,7.7,74.7,1920,13.7,17.9,89.4,1486,16.6,
Martinez, Carlos,593372,2015,.229,.344,.021,.023,87.2,5.8,5.2,7.5,42,24,47.4,56.4,13.2,25.2,5.2,56.9,96,2038,19.4,25.8,85.7,1897,8.6,17.3,87.4,1990,19.2,
deGrom, Jacob,594798,2015,.214,.323,.001,-0.005,87.4,12,5.3,6.3,44.2,27,51.9,48,20.2,24.7,7.1,62.3,95.6,2231,20.1,25.6,87.2,2268,8.8,12,86,1739,16.2,
Wacha, Michael,608379,2015,.240,.374,-0.004,-0.001,87.6,10.4,5.1,7.8,44.4,21.3,50.8,47.5,20.6,24.8,7.2,70.9,93.9,2091,20.9,12.6,76.4,2046,8.9,16.5,87.1,1518,17.3,
Chen, Wei-Yin,612672,2015,.246,.400,.016,.056,87.2,15.1,5.1,8,44.6,19,51.1,42.7,22.4,23.9,11,64.2,92,2075,22.6,25.6,80.5,2110,8.9,10.2,83.4,1488,19.7,
Wood, Alex,622072,2015,.266,.398,.009,-0.006,88.2,8,4.2,6.5,46,19.5,45,52.3,17.4,25.7,4.7,59,89.7,1915,18.9,22.1,80.8,1768,6.2,18.9,83.6,1815,17.5,